,Section,No,Question,List URL,Contents URL,Answer1,Answer2,Answer3,Answer4,Answer5
0,Insurance,74171,치아보험 문의드립니다  가입조건 견적 부탁드립니다,http://www.ppomppu.co.kr/zboard/zboard.php?id=consulting&page=3&category=1&divpage=11,http://www.ppomppu.co.kr/zboard/view.php?id=consulting&page=1&divpage=11&category=1&no=74171,현재 치료중이거나 앞으로 치료를 해야한다고 의사분께 진단을 받았다면 해당 치아는 치아보험을 가입 하더라도 보상을 해주지 않습니다 기존에 치료를 받으셨던 치아는 충치로 다시 치료를 받을경우 보상이 가능 하시고 보철물을 단순 교체하는 경우에는 보상이 안되십니다 치아보험은 고객님 니즈에 맞는 회사로 보장을 구성해서 준비하시는게 좋습니다 보존치료 인레이 온레이 크라운 보철치료 임플란트 브릿지 틀니 니즈의 맞게 진단금을 구성 하신다면 조금이라도 보험료를 절약하실수 있습니다 컨설턴트 이름을 클릭 하시면 상담 요청을 남기실 수 있습니다 자세한 상담과 함께 비교 안내 받아보시기 바랍니다 한지영 컨설턴트 010 8888 3948,#NULL,#NULL,#NULL,#NULL
1,Insurance,74169,치아보험 문의 드립니다  안녕하세요 10여년 전에 어금니가 썩어서 빼고 왼쪽 오른쪽 양쪽 다 브릿지를 했습니다 오래되니 브릿지 재시공을 해야 할듯 한데요 혹시 치아보험 가입하면 브릿지 재시공 가능한가요? 가능하다면 보험회사와 상품 추천 바랍니다. 가입한후 얼마의 시간이 지나면 되는지도 답변 부탁 드립니다.,http://www.ppomppu.co.kr/zboard/zboard.php?id=consulting&page=3&category=1&divpage=11,http://www.ppomppu.co.kr/zboard/view.php?id=consulting&page=1&divpage=11&category=1&no=74169,#NULL,#NULL,#NULL,#NULL,#NULL
2,Insurance,74168,만기가 몇년 안남은 종신보험  안녕하세요 만기가 몇년 남지않은 종신보험이 있는데요 갱신형특약이 유일하게 두개가 있는데 다들 갱신형은 빼야한다고 해서요 약관을 보니 분명 우리나라말이긴한데 무슨 말인지 도무지 모르겠어어 ㅠㅠ 갱신은 둘 다 5년단위에요 빼도 무관할가요? n * insurance 에서 게시물 이동되었습니다 (2018-11-12 15:42 / no : 72030),http://www.ppomppu.co.kr/zboard/zboard.php?id=consulting&page=3&category=1&divpage=11,http://www.ppomppu.co.kr/zboard/view.php?id=consulting&page=1&divpage=11&category=1&no=74168,ING보험인듯 합니다. 정기특약은 여성에게는 불필요한 특약이므로 삭제하셔도 무방합니다. 더블포스트 특약은 보장범위는 나쁘지 않습니다. 일단 유지하셨다가 차후 보험료가 많이 인상될때 삭제하시는것도 하나의 방법입니다. 현재 가입된 보험을 모두 첨부해 주시면 구체적인 안내를 해드리겠습니다. 컨설턴트를 선택해 쪽지 문자로 주시면 자세한 안내를 받아보실수 있습니다. 정재성 컨설턴트 010 9131 1865,갱신형 특약의 문제는 만기까지 계속하여 보험료를 납입해야 하고 위험율이 낮은 연령대에는 보험료가 저렴하지만 위험율이 올라가는 연령대에는 보험료가 가파르게 올라 유지가 어렵다는데 있습니다. 얼마 남지 않은 납입기간과는 별개로 해당 특약들은 갱신최대까지 보험료를 납입해야 합니다. 더블포스트질병특약은 뇌졸중 뇌경색+뇌출혈 급성심근경색증을 보장하고 있는데요. 생보사 상품임에도 뇌졸중을 보장하는 것을 보면 오래된 보험이네요. 이 특약은 위험율이 낮은 연령 동안에는 낮은 보험료이니 유지를 하시다가 갱신율이 올라가면 삭제를 하시는 방법이 있겠습니다. 정기특약은 회원님이 해당 특약의 보험기간 동안에 사망하셨을 경우 보장을 하는 특약으로 사망보장에 대한 니즈가 크지 않은 여성분임을 고려하면 삭제하여 주시는 것이 좋겠네요. 컨설턴트명 선택하셔서 문의하시거나 하기의 연락처로 연락주시면 자세한 상담 받아 보실 수 있습니다. 박진우 컨설턴트 010 2010 2055,구 ING 현 오렌지생명에 들어있는 특약 중에 더블포스트 라는 특약이 있는데요 이 특약은 2대질병 특약으로 가입한지 오래된 보험은 뇌졸중과 급성심근경색증 진단비를 보장하며 최근 상품들은 뇌출혈과 급성심근경색증을 보장합니다. 올려주신 약관은 뇌경색과 뇌출혈을 포함하는 뇌졸중을 보장하구요 이건 갱신형으로 되어 있어서 갱신시마다 보험료가 인상되고 납입도 80세까지 계속 납입을 해야 합니다. 정기특약도 마찬가지구요 갱신형 특약은 왠만하면 삭제하시고 비갱신으로 새로 가입하시는 것이 유리합니다. 컨설턴트명 클릭 후 양식에 맞게 쪽지 보내 주시거나 핸드폰으로 연락 주셔서 구체적인 상담 및 설계 받아보시기 바랍니다. 정재환 컨설턴트 010 4202 8239 ,5년마다 보험료는오르고 납입도 끝까지 내셔야 하세요. 5년후 갱신시기에 잊지마시고 삭제 하시기 바랍니다. 보험이 종신밖에 없으시다면 2대질환 진단비는 보완이 필요하시네요 . 상담신청 남겨주시거나 유선전화로 문의남겨 주셔서 상세 안내 받아보세요 배미경컨설턴트 010 4901 2788 ,갱신형은 평생 보험료를 내셔야 하세요 . 5년마다 보험료가 변동이 될뿐입니다 지금은 이 부분만 삭제하시구요 뇌질환과 심장질환만 따로 비갱신형으로 준비하시면 저렴하게 보장을 제대로 준비를 하실수 있어요 컨설턴트에게 상담문의를 하셔서 회원님이 원하시는 보장에 대한 효율적인 추천설계안과 정확한 안내를 받아보시길 바랍니다 강치환 컨설턴트 010 8640 3646
3,Insurance,74167,"자동차보험 문의드립니다ㅜㅜ  만 29세, 여자 YF소나타 2011년식   16.11.11 중고차 구매 후 현재까지 삼성다이렉트 가입 중이었는데 이번에 갱신하려고 하니 자꾸 앱에서 시스템오류라고 조금있다가 해보라고 해서 ㅜㅜ 당연히 되는줄 알고 있다가 오늘 만료 후 거절당한 케이스입니다.. 1년동안 사고처리는 3회 정도인데 이제와서 알아보니 모든 보험사 다이렉트는 다 거절이고.. 설계사 끼고 하면 된다는데 어찌해야 하는지 모르겠어요ㅠㅠ 도와주세요ㅠㅠ (1= 주차장에서 앞휀다 보험으로 고침, 2= 주차장에서 뒤범퍼 & 라이트 깨져 보험으로 고침, 3= 주차장에서 상대 차 후방추돌로 보험처리)  자꾸 프로그램 오류라고 해서 당연히 되겠지 생각하고 걱정도 안했는데 .. 하필 저번주에 속초로 놀러가는 바람에 전화연락도 안되고.. 걱정도 안하고 있었는데.. ㅠㅠ 오늘 갑자기 전화문의하니 안된다고하네요ㅠㅠ 이미 보험은 끝났어요ㅠㅠ 도와주세요ㅠㅠ",http://www.ppomppu.co.kr/zboard/zboard.php?id=consulting&page=3&category=1&divpage=11,http://www.ppomppu.co.kr/zboard/view.php?id=consulting&page=1&divpage=11&category=1&no=74167,#NULL,#NULL,#NULL,#NULL,#NULL
4,Insurance,74166,"실손보험 단독  자녀 실비만 단독으로 들고싶어서 알아보고있습니다 혹시 실비는 어디가 더 좋고 나쁘고가 있는지, 어느 회사가 가장 좋은지 궁금합니다 ㅎ 그럼 수고하세요!",http://www.ppomppu.co.kr/zboard/zboard.php?id=consulting&page=3&category=1&divpage=11,http://www.ppomppu.co.kr/zboard/view.php?id=consulting&page=1&divpage=11&category=1&no=74166,2013년 4월이후부터 실비는 모든 보험사의 보장조건이 동일하구요. 회사별로 위험율과 손해율이 다르기때문에 보상지급이 원활하고 타사보다 더 저렴한 보험료가 적용되는 회사로 안내받아보시면 됩니다. 설계를 위해선 5년이내 고지해야될 병력사항과 생년월일정도는 확인이 필요하구요. 컨설턴트를 통해 아래 연락처 또는 쪽지양식에 맞추어 문의주시면 자세한 안내 받아보실 수 있습니다 강신우 컨설턴트 010 2962 8727,의료실비는 보장이 다 똑같기 때문에 가입시 간편하고 보상청구시 원활한보험사로 선택하셔서 준비 하시면되세요. 상담신청 남겨주셔서 안내 받아보시기 바랍니다 배미경컨설턴트 010 4901 2788 ,실비보험은 올해 4월부터 단독실비로 실비특약만 넣고 저렴하게 가입이 가능하십니다. 보험사마다 보장내용은 동일하나 생명보험사는 통원비 중에 진료비 한도가 적어서 반드시 손해보험사로 가입하셔야 하구요 규모가 어느정도 있는 회사 중에서 보상청구가 편하고 지급이 잘되는 곳으로 가입하시면 되겠습니다. 실비는 1년마다 갱신되면서 15년마다 재가입을 하셔야 하고요 최대 보장은 100세까지 가능합니다. 메리츠 현대 동부 한화 등의 회사로 추천 드립니다. 컨설턴트명 클릭 후 양식에 맞게 쪽지 보내 주시거나 핸드폰으로 연락 주셔서 구체적인 상담 및 설계 받아보시기 바랍니다. 정재환 컨설턴트 010 4202 8239 ,실손의료보장은 전 손해보험사 상품은 동일한 보장으로 가입이 가능합니다. 어디가 좋고 나쁨은 없지만 각 보험사별로 산출되는 보험료가 각기 다릅니다. 다만 보상청구가 원활한 보험사 보험사를 통해 보장을 준비하시 는것이 좋겠습니다. 컨설턴트 선택후 쪽지나 유선으로 문의 하셔서 상세 안내 받아보 시기 바랍니다. 이수미 컨설턴트 010 8743 7139 ,#NULL
5,Insurance,74165,94년생 여자 보험좀봐주세요  [안내사항] ① 설계와 가입문의는 아래 URL의 인증컨설턴트 이미지를 클릭하여 문의 하시기 바랍니다. - 관련 URL: http://www.ppomppu.co.kr/zboard/view.php?id=consulting&no=2509 ② 빠른 설계와 가입문의를 원하시는 회원님들께서는 본게시판의 상담신청 배너를 이용 하시기 바랍니다. - 게시글의 열람은 누구나 가능하기 때문에 개인정보는 절대 기재하지 마십시요. (이름/주민번호/연락처/이메일등) ------------------------------------------<게시물 작성 시 위 내용은 삭제하고 작성하세요!>--------------------------------------------   db손해보험에 보험 넣은지 약 2년정도 된거같아요 보험료가 너무 비싼거 같아서 문의드립니다. 제 나이면 어린이 보험도 가능하다하는데 어떻게 하면 좋을까요?      ,http://www.ppomppu.co.kr/zboard/zboard.php?id=consulting&page=3&category=1&divpage=11,http://www.ppomppu.co.kr/zboard/view.php?id=consulting&page=1&divpage=11&category=1&no=74165,의료실비보장이 1년갱신형으로 어차피 현단독실비보장과 별 차이점이 없습니다. 보장범위면에서 암보장은 대장점막내암이 유사암으로 분류되었고 혈관질환 보장에서 가장 범위가 큰 뇌혈관 및 허혈성 특약구성이 없습니다. 이외 입원일당은 가성비가 떨어지기 때문에 우선순위가 아니구요. 병력사항에 제한이 없다면 재구성하심이 보장범위 보장보험료면에서 유리하게 가입이 가능합니다. 현재는 미해지환급형으로 순수보장형보다 20 30%저렴하게 가입이 가능하며 회원님의 나이에서는 어린이보험상품으로 20년납 80 90세만기 암진단 5천 유사암1 2천 뇌혈관 및 허혈성 2천 5만원대정도입니다. 유지에 부담이 없는 보험료 가족력 병력사항 보장니즈에 맞춰 효율적인 구성 및 충분한 비교견적 도와드리겠습니다 상담신청 남겨주시면 자세한 안내 받아보실 수 있습니다. ,회원님의 보험나이를 고려하면 현재 메리츠의 어린이 보험으로 보험을 준비하실 때 보장이나 보험료면에서 가장 경쟁력이 높은 구성이 가능한데요. 이 메리츠를 효율적으로 구성한 설계서와 비교하여 보시고 결정을 하시면 되겠습니다. 의료실비도 15년 재가입 조건으로 메리트가 크지 않구요. 메리츠 어린이 보험의 경우 뇌 및 심장관련하여 가장 넓은 범위를 보장하는 뇌혈관 허혈성심장질환진단비를 최대 2천만원까지 구성할 수 있고 의무사망 장해관련특약을 낮게 구성할 수 있어 보험료의 효율이 높은 미해지환급형 납입기간 내 해지 시 해지환급금 이 없는 대신 보험료가 저렴 상품이거든요. 다만 메리츠의 설계시에는 보다 효율적으로 구성하여 주시는 것이 좋겠는데요. 100세만기의 경우 보장공백의 우려가 없다는 장점은 있지만 보험료의 효율은 떨어지기 때문에 이를 모두 고려하면 90세만기로 추천드릴 수 있겠구요. 입원일당은 가성비가 떨어지고 의료실비에서 본인부담금을 공제하고 보장을 받을 수 있어 요즘은 잘 구성하는 특약이 아닙니다. 암치료관련한 특약도 마찬가지구요. 컨설턴트명 선택하셔서 문의하시거나 하기의 연락처로 연락주시면 자세한 상담 받아 보실 수 있습니다. 박진우 컨설턴트 010 2010 2055,한달에 보험료는 얼마나 납부를 하시나요 담보 내용만 본다면 보험료가 높지는 않은거 같습니다 저해지상품과 보험료 비교를 해보시고 유지여부를 결정해보세요 컨설턴트 이름을 클릭 하시면 상담 요청을 남기실 수 있습니다 고객님 니즈에 맞는 설계서와 회사별 비교 안내를 도와드리겠습니다 한지영 컨설턴트 010 8888 3948,2년 정도 유지 하셨으면 현재 해지환급금 미지급형 보험과 비교 후 결정하는 것이 좋겠습니다. 보험료는 더 저렴해지고 보장 범위는 더 넓어졌기 때문입니다. 1. 유지중인 보험은 기본계약으로 의무구성된 사망 비중이 높아 불필요한 보험료 지출이 많은데 요즘 보험은 기본계약 비중이 거의 없는 상품들이 많습니다. 2. 무조건 100세 만기는 보혐료만 낭비됩니다. 실질적인 치료시기와 화페가치 고려하면 80세나 90세 만기가 적당합니다. 3. 어린이 보험으로준비시 기존 보험엔 없는 뇌혈관 질환 진단금과 허혈성 심장질환 진단금을 최대 2천씩 구성할수 있고 갑상선암을 보장하는 유사암은 최대 2천까지 구성할수 있습니다. 이런 이유들로 특별한 청구력이나 병력이 없다면 해지 후 재가입하는 것이 좋습니다. 컨설턴트 선택 후 문의 주시면 보다 자세한 안내 받을수 있습니다. 손은하컨설턴트 010 8979 0814,만기를 운전자까지 100세로 구성하셨네요. 성인보험에는 효율성이 떨어지는 입원일당도 포함 되있으셔서 보험료가 높을수밖에는 없습니다 . 효율적인 구성은 아니세요. 의료실비는 15년후에는 현재 보장으로 적용되니 의미는 없겠습니다 . 그동안에 치료력만 없으시다면 손해를 보시더라도 해지하시고 94년생이셔서 어린이미해지 환급형으로 새롭게준비 하시면 보장은 더욱크고 보험료는 저렴하게 준비 하실수 있습니다 . 상담신청 남겨주시거나 유선전화로 문의남겨 주셔서 상세 안내 받아보세요 배미경컨설턴트 010 4901 2788 
6,Insurance,74164,어린이보험 평가부탁드랴요  부탁드려요,http://www.ppomppu.co.kr/zboard/zboard.php?id=consulting&page=3&category=1&divpage=11,http://www.ppomppu.co.kr/zboard/view.php?id=consulting&page=1&divpage=11&category=1&no=74164,보험사는 잘 선택하셨네요. 구성도 무난하시고요. 다만 암진단비는 동부에서 삭제하시고 엠지손보와 조합 하시면 보험료는 좀더저렴하고 보장은 더크게 가져가실수 있으니 고려해보시기 바랍니다. 상담신청 남겨주시거나 유선전화로 문의남겨 주셔서 상세 안내 받아보세요 배미경컨설턴트 010 4901 2788 ,11대특정암진단비는 특별히 가족력이 있지 않으시고서는 삭제하셔도 좋습니다 잘 준비하셨구요 암만 MG로 하셔도 좋을것 같아요 괜찮으시다면요 MG가 암보험료가 가장 저렴하고 유사암이 2천만원으로 가장 크거든요 컨설턴트에게 상담문의를 하셔서 회원님이 원하시는 보장에 대한 효율적인 추천설계안과 정확한 안내를 받아보시길 바랍니다 강치환 컨설턴트 010 8640 3646,#NULL,#NULL,#NULL
7,Insurance,74163,윤전자보험  [안내사항] ① 설계와 가입문의는 아래 URL의 인증컨설턴트 이미지를 클릭하여 문의 하시기 바랍니다. - 관련 URL: http://www.ppomppu.co.kr/zboard/view.php?id=consulting&no=2509 ② 빠른 설계와 가입문의를 원하시는 회원님들께서는 본게시판의 상담신청 배너를 이용 하시기 바랍니다. - 게시글의 열람은 누구나 가능하기 때문에 개인정보는 절대 기재하지 마십시요. (이름/주민번호/연락처/이메일등) ------------------------------------------<게시물 작성 시 위 내용은 삭제하고 작성하세요!>--------------------------------------------     메리츠 윤전자보험 다이렉트로 해서 설계를 받았는데 20년납 80세 만기로 하고 싶는데 보통은 20년납 20년 만기로 한다면서 그걸 추천하네요 보험료가 비싸고 20년 후에도 보험료가 별로 안오른다.  그리고 메리츠에는 20년납 80세 만기 상품이 없다는데. 이게 맞는 이야기인가요?   현재 30대 인데  20년납 20년 만기 상품이 괜찮은건가요????,http://www.ppomppu.co.kr/zboard/zboard.php?id=consulting&page=3&category=1&divpage=11,http://www.ppomppu.co.kr/zboard/view.php?id=consulting&page=1&divpage=11&category=1&no=74163,운전자보험은 교통사고의 가해자가 되었을 경우 형사상 행정상의 책임으로부터 보장을 받기 위하여 가입을 하는 상품으로 주요 특약은 벌금 변호사선임비용 교통사고처리지원금 합의금 의 3가지 특약입니다. 이 주요 특약만을 20년납 80세만기로 구성하여 월보험료 5천원 수준으로 준비하시는 것이 일반적이구요. 20년 후에 보험료가 오르지 않는다고 해서 그 당시에 다시 보험을 준비할 이유도 없고 메리츠에 20년납 80세만기가 없지도 않습니다. 컨설턴트명 선택하셔서 문의하시거나 하기의 연락처로 연락주시면 자세한 상담 받아 보실 수 있습니다. 박진우 컨설턴트 010 2010 2055,운전자 핵심 특약은 벌금 변호사 선임비용 교통사고 처리지원금 세가지 특약으로 월 5천원 선으로 준비 할수 있습니다. 운전자 보험은 자동차 보험에서 보장안해주는 범위로 상대방이 6주 이상 중상해시 발생되는 벌금이나 형사 합의 지원 그리고 합의가 잘 안됐을경우 변호사 선임비용에 대해 보장 받을수 있는 보험 입니다. 여기에 교통사고 입원일당이나 교통사고 부상치료비 추가 하시면 월 만원 선으로 준비 할수 있습니다. 컨설턴트 선택 후 문의 주시면 보다 자세한 안내 받을수 있습니다. 손은하컨설턴트 010 8979 0814,운전자보험은 핵심특약만 구성해 가입하시면 5.000원 정도로 준비하실수 있습니다. 컨설턴트를 선택해 쪽지 문자로 주시면 자세한 안내를 받아보실수 있습니다. 정재성 컨설턴트 010 9131 1865,영업용 차량이 아니시라면 운전하는 기간을 고려하여서 80세로 준비하시는 것이 유리하시며 보험료의 차이도 거의 없습니다. 메리츠화재 보험도 80세보장이 있습니다. 다이렉트 상품만 없으신 거세요 필수보장만 준비를 하시면 1만원이내로 준비가 가능하십니다 컨설턴트를 선택하여서 쪽지나 유선연락을 주시면 빠른 상담 받아보실 수 있습니다. 맹창호 컨설턴트 010 8286 5800,80세까지는 하셔야죠 20년후에 또 가입하실려구요 그렇게는 아닌것 같구요 운전자 보험은 필수 특약인 벌금 변호사선임비용 교통사고처리지원금를 준비하시면 80세만기 기준으로 5천원이구요 최근에 특약별 한도가 높아졌습니다 교통사고처리지원금이 3천에서 5천만원으로 변호사선임비용이 5백에서 1천만원으로 보장의 크기가 커졌고 벌금 대물 이 5백만원 새롭게 추가 되었습니다 보험사는 한화손해이구요 컨설턴트에게 쪽지를 주시면 설계안을 받아보실수 있습니다 강치환 컨설턴트 010 8640 3646
8,Insurance,74162,보험 문의 드립니다.  안녕하세요   보험이 없어서 이번에 보험 가입하려고 하는데   2016년에 혈압약을 먹은 적이 있어서 유병자특약으로 실비+종신보험 가입하였습니다.   암보험은 라이나생명 쪽을 추천해줘서 그 쪽으로 가입할 예정입니다.   추가나 수정해야할 점 있는지 조언 부탁드립니다~!!   - 설계받은 내용          - 무배당 마이라이프 한아름종합보험                 - 무배당 한화실손의료보험(갱신형)          * insurance 에서 게시물 이동되었습니다 (2018-11-12 15:11 / no : 72029),http://www.ppomppu.co.kr/zboard/zboard.php?id=consulting&page=3&category=1&divpage=11,http://www.ppomppu.co.kr/zboard/view.php?id=consulting&page=1&divpage=11&category=1&no=74162,결론부터 말씀드리면 좋은방향이 아닙니다 실비 고혈압진단이력이 있으시면 할증조건으로 가입이 가능하십니다 현재 첨부하신 한화가 바로 유병자실비가 아닌 일반실비를 할증조건으로 가입한 내용이구요 이 부분은 무난합니다 암 고혈압과 무관하게 보험가입을 하실 수 있습니다 한화로 하는것보단 엠지로 하시는게 보장범위도 넓고 보험료도 저렴하십니다 혈관질환 고혈압으로 인해 할증조건 또는 간편건강보험을 통해 준비하셔야 합니다 문제는 현재 한화로 가입한 내용은 갱신형 할증 조건이라 평생토록 인상되는 보험료를 납부해야 한다는 점입니다 라이나의 경우도 현재 갱신형상품만을 판매하고 있기 때문에 고려하실만한 보험사는 아니시구요 실비 이외에는 보다 좋은 대안이 많이 있으니 비교해 보시고 신중히 결정하실 것을 권해드립니다 컨설턴트에게 쪽지를 통한 상담신청이나 아래번호로 연락주시면 자세한 안내를 해 드리겠습니다 전형근 컨설턴트 010 9138 3955 ,고혈압약을 현재 복용중이 아니라 용을 중단하셨나요 유병력자 실비는 보장 조건이 일반 실비 보다 안좋기 때문에 우선 일반실비 할증조건으로 가입유무 확인 후 안될경우 유병력자 실비 추천드립니다. 약을 현재 복용하고 있다면 일반실비 가입 가능합니다. 암보험으로 라이나 추천드리지 않습니다. 암보험을 비롯한 건강보험은 생명사가 아닌 손해보험사로 준비 하는 것이 바람직합니다. 한화 손보 역시 일부 특약이 갱신형으로 구성되어 있고 요즘 많이 가입하는 상품도 아닙니다. 갱신형 특약은 지속적으로 인상되는 보험료를 보장 기간 내내 납입해야 함으로 시간이 지날수록 보험료 부담이 커지는 구조입니다. 이 보험 역시 가입하면 안니다. 비갱신으로 준비 해서 향후 인상되는 보험료 없이 가입해야 안정적인 유지가 가능합니다. 컨설턴트 선택 후 문의 주시면 보다 자세한 안내 받을수 있습니다. 손은하컨설턴트 010 8979 0814,고혈압으로 인한 유병자시라도 이보다 훨씬 유리하게 가입가능한 상품과 회사는 얼마든지 있습니다. 생명보험사인 라이나 생명쪽으로는 가입할 이유가 없고요 손해보험사도 한화 말고 다른 보험사로 하시는 것이 유리합니다 설계내용도 대부분이 갱신형으로 되어 있어서 나중에 보험료 부담이 커지게 되며 납입도 평생 하셔야 합니다. 가입하신지 얼마 안되셨다면 철회하시기 바라며 제대로 알아보고 가입하세요 컨설턴트명 클릭 후 양식에 맞게 쪽지 보내 주시거나 핸드폰으로 연락 주셔서 구체적인 상담 및 설계 받아보시기 바랍니다. 정재환 컨설턴트 010 4202 8239 ,1. 실비보험은 한화손보 할증플랜을 그대로 써도 상관없습니다만 이외 종합보험은 갱신이 아니라 비갱신으로도 충분히 대체할 수 있습니다. 2. 암보험으로 라이나생명은 추천드리지 않습니다. 유사암 보장조건이 너무 부실하기 때문입니다. 가령 암 0기 전립선암등에 걸린다면 300만원 정도만 받게 되는데 유사암은 암진단비의 20%까지는 보장되는 내용으로 구성하셔야 합니다. 상품선택이 아쉬운 부분이 많습니다. 제안받은 상품으로 가입하는건 유보하시고 메리츠화재의 할증플랜과도 비교해보시기 바랍니다. 대표적인 고혈압 합병증인 뇌관질환과 허혈성심질환을 유병자 대상으로도 1000만원까지 인수합니다. 뇌졸중과 심근경색 연계도 적은 편이구요 쪽지나 유선문의 남겨주시면 자세한 설명과 추천설계안 받아보실 수 있습니다. 오규원 컨설턴트 010 4691 2828,전체적인 구성이 좋지 못하네요. 고혈압의 경우 5년 이내라면 진단만으로 고지를 해야 하기 때문에 고지를 하셔야 하지만 일반의료실비의 할증플랜으로 준비를 하실 수 있겠습니다. 이때 한화의 단독실비는 나쁘지 않은 선택이구요. 고혈압의 경우 2대질병 뇌 및 심장 진단비와는 인과관계가 있기 때문에 일반 상품을 할증으로 준비하시거나 유병력자 상품으로 준비를 하셔야 하는데요. 할증인 경우 한화도 나쁘지 않지만 갱신형 특약의 구성이 문제이구요. 고혈압과 인과관계가 없는 암진단비의 경우 농협이나 MG 흥국등의 일반상품으로 준비를 하여 주시는 것이 보장이나 보험료면에서 더 경쟁력 있는 구성이 가능하겠 습니다. 컨설턴트명 선택하셔서 문의하시거나 하기의 연락처로 연락주시면 자세한 상담 받아 보실 수 있습니다. 박진우 컨설턴트 010 2010 2055
9,Insurance,74160,운전자보험 문의   20년납 20년만기 / 갱신종료100세 이렇게 되어있는데 이게 무슨 뜻인가요?? 20년 내면 보장도 끝난다는게 맞는건가요? 20년납 80세 만기와 뭐가 다른지 알려주세요. 운전자보험 들려고 하는데 어디가 좋은지 추천해주세요~ * insurance 에서 게시물 이동되었습니다 (2018-11-12 15:04 / no : 72027),http://www.ppomppu.co.kr/zboard/zboard.php?id=consulting&page=3&category=1&divpage=11,http://www.ppomppu.co.kr/zboard/view.php?id=consulting&page=1&divpage=11&category=1&no=74160,20년주기로 보험료가 변동되는 갱신형이고 최대 100세까지 갱신을 통해 보장받을 수 있다는 이야기 입니다 반면 20년납 80세만기는 보험료의 변동이 없는 비갱신형이고 20년만 납부하면 80세까지 혜택을 받게됩니다 최소비용으로 기본플랜으로 준비시 월 5천원 수준에서 한화로 준비가 가능하십니다 컨설턴트에게 쪽지를 통한 상담신청이나 아래번호로 연락주시면 자세한 안내를 해 드리겠습니다 전형근 컨설턴트 010 9138 3955 ,20년후에 보장이 끝난다는 이야기 입니다 . 즉 갱신형입니다 . 20년납 80세 만기는 20년만 보험료 납입하시면 보장은 80세까지 받으실수 있습니다. 월 5천원대로 준비하실수 있고요. 상담신청 남겨주시거나 유선전화로 문의남겨 주셔서 상세 안내 받아보세요 배미경컨설턴트 010 4901 2788 ,20년마다 갱신해서 100세까지 보장이 된다는 뜻인데요 운전자보험은 갱신형으로 하시거나 20년으로 만기를 짧게 가입하는게 아니고 20년납 80세만기로 비갱신형으로 가입을 하시면 됩니다. 운전자보험 가입요령 20년납 80세만기로 가입을 하시되 운전자보험의 핵심 3대 보장인 1. 교통사고처리지원금 2. 벌금 3. 변호사 선임비용 이상 세가지 정도만 준비를 하시면 되며 나머지 특약들은 상해보험이나 실비보험으로 보장을 받을 수 있는 것들이라 괜히 보험료 높힐 필요가 없습니다. 핵심 특약 외에 추천 드리는 특약은 자동차사고부상치료비인데요 이 특약은 자동차사고시 1급 14등급으로 부상등급이 나뉘는데 14등급은 가벼운 염좌나 타박상도 해당이 됩니다. 이 부상치료비를 가급적 넣어서 가입을 하시면 교통사고 발생시에 많은 도움이 됩니다. 세가지 핵심특약만 넣으시면 5천원대로 가입되며 부상치료비 포함하여 1 2만원대 부상치료비 가입금액에 따라 보험료 변동 로 설계가 가능합니다. 컨설턴트명 클릭 후 양식에 맞게 쪽지 보내 주시거나 핸드폰으로 연락 주셔서 구체적인 상담 및 설계 받아보시기 바랍니다. 정재환 컨설턴트 010 4202 8239 ,20년 단위로 보험료가 인상되어 100세 까지 보험료를 납입하다는 의미 입니다. 운전자 보험 가입한다면 벌금 변호사 선임비용 그리고 교통사고 처리지원금 핵심특약만 월5천원선으로 준비 할수 있는 한화 추천드립니다. 컨설턴트 선택 후 문의 주시면 보다 자세한 안내 받을수 있습니다. 손은하컨설턴트 010 8979 0814,20년마다 보험료가 변동이 되속 100세까지 보험료를 납입하셔야 한다는 것입니다. 20년납 80세만기는 20년만내고 80세까지 보장을 받는 상품이시구요 때문에 보험은 갱신상품이 아닌 비갱신 상품으로 준비를 하셔야 합니다 필수 보장만 준비하시면 5천원대로 한화 입원 부상치료비까지 원하실 경우 동부화재 보험이 좋습니다. 컨설턴트를 선택하여서 쪽지나 유선연락을 주시면 빠른 상담 받아보실 수 있습니다. 맹창호 컨설턴트 010 8286 5800
10,Insurance,74159,"92년생 남자 암보험 비교 문의 드립니다.  안녕하세요~  기존에 실비 및 입원 보험은 들어둔 상황이고요,  암관련해서 암/뇌/심장 쪽 진단 보험을 추가 가입하려고 알아보는 중입니다.   뽐뿌에 일반 보험으로 약관 받아서 물어봤었는데, 어린이 보험이 좋다고 이야기들 하셔서 어린이 보험 추천받은 곳으로 다시 알아봤거든요~   그런데 보험료도 더 높게 나오고, 약관도 괜찮은 것인지를 잘 모르겠어서;;  확인 도와주시면 감사하겠습니다!   첫번째는 흥국화재 처음에 약관 받은 거고요,   두번째는 동부화재 어린이 보험   세번째는 메리츠 어린이 보험입니다.   어린이 보험이 더 저렴하다고 들었는데 왜 더 비싸졌는지 모르겠네요 ㅜㅜ                          * insurance 에서 게시물 이동되었습니다 (2018-11-12 15:04 / no : 72028)",http://www.ppomppu.co.kr/zboard/zboard.php?id=consulting&page=3&category=1&divpage=11,http://www.ppomppu.co.kr/zboard/view.php?id=consulting&page=1&divpage=11&category=1&no=74159,흥국화재는 30년납이고 두보험은 20년납이니 당연히 보험료차이가 있습니다. 우선 만기를 100세 보다는 80세 또는 90세로 고려해 보세요. 메리츠와 동부화재에서 보험료를 줄이시고 싶으시면 조금 수정 하시기 바랍니다. 또한 암진단비는 엠지로 조합 하시는 방법도 있으니 상담신청 남겨주시거나 유선전화로 문의남겨 주셔서 상세 안내 받아보세요 배미경컨설턴트 010 4901 2788 ,보장기간과 만기가 다 달라서 수평적인 비교는 어려우시고요 같은 조건을 넣어서 비교해본다면 동부가 가장 낫습니다. 특히 유사암 보장조건이 타사에 비해 높기 때문에 만약 암에 대해서 니즈가 있다면 꼭 동부로 알아보시기 바랍니다. 동부화재 어린이보험은 뇌혈관 허혈성 심질환 진단비를 최대 2000만원까지 구성할 수 있습니다. 성인보험에선 뇌혈관 허혈성 심질환만 따로 가입하는게 불가능하므로 여력이 된다면 가입금액을 꼭 상한선까지 맞춰 가입하시기 바랍니다. 쪽지나 유선문의 남겨주시면 자세한 설명 받아보실 수 있습니다. 오규원 컨설턴트 010 4691 2828,30세이하 남성분에게는 DB손해보험이 가장 경쟁력이 있습니다. 하지만 제안 받으신 것처럼 가입하시는건 좋지 않습니다. 이보험사의 장점을 살린구성으로 다시 안내 받아보시기 바랍니다. 컨설턴트를 선택해 쪽지 문자로 주시면 자세한 안내를 받아보실수 있습니다. 정재성 컨설턴트 010 9131 1865,세상품 모두 동일한 구성은 아니시네요. 우선 뇌혈관 허혈성질환 진단금까지 구성을 하신다면 세가지 상품중 동부화재 보험이 가장 유리하시며 보장기간은 100세 보다는 실질적인 치료기간 화폐가치 하락을 고려한다면 80 90세 정도가 적정하십니다. 동부화재 상품으로 다시 받아보시고 보험료를 좀더 줄이시고 소액암에 대한 보장을 2천만원으로 높게 원하실 경우 MG손해보험과 조합도 고려해 보시기 바랍니다. 컨설턴트를 선택하여서 쪽지나 유선연락을 주시면 빠른 상담 받아보실 수 있습니다. 맹창호 컨설턴트 010 8286 5800,흥국의 보험료가 저렴한 이유는 30년납으로 구성되어 있기 때문입니다. 비교를 위해서는 동일한 납입기간으로 하여 주셔야 하겠습니다. 다만 어린이 보험의 장점인 뇌혈관 허혈성심장질환진단비를 최대 2천만원까지 구성할 수 있다는 부분은 살려 가시는 것이 좋겠습니다. 이점에서 흥국은 추천드리기 어렵구요. 100세만기의 구성은 보장공백의 우려가 없다는 장점은 있지만 보험료의 효율은 떨어지기 때문에 이를 모두 고려하면 90세만기 정도로 구성하여 주시는 것이 좋겠구요. 준비하시고자 하는 보험의 가입목적이 사는 동안의 건강보장에 있음을 고려하면 사망이나 장해관련 특약은 최소화 하여 보험료의 효율을 높여 주시는 것이 좋겠습니다. 보다 효율적인 구성의 DB와 메리츠를 비교 선택하시는 것이 좋겠습니다. 컨설턴트명 선택하셔서 문의하시거나 하기의 연락처로 연락주시면 자세한 상담 받아 보실 수 있습니다. 박진우 컨설턴트 010 2010 2055
11,Insurance,74157,"암보험 상담 [안내사항] ① 설계와 가입문의는 아래 URL의 인증컨설턴트 이미지를 클릭하여 문의 하시기 바랍니다. - 관련 URL: http://www.ppomppu.co.kr/zboard/view.php?id=consulting&no=2509 ② 빠른 설계와 가입문의를 원하시는 회원님들께서는 본게시판의 상담신청 배너를 이용 하시기 바랍니다. - 게시글의 열람은 누구나 가능하기 때문에 개인정보는 절대 기재하지 마십시요. (이름/주민번호/연락처/이메일등) ------------------------------------------<게시물 작성 시 위 내용은 삭제하고 작성하세요!>--------------------------------------------   기존에 실비 포함 갖고 있던 보험이 암이나 뇌, 심장 질환 쪽 보장이 부족해 보완하려고 합니다. 만 29세/여성 이고, 일단 제가 더 추가로 필요하다고 느낀 부분은   질병 후유장해 암(일반암, 소액암, 고액암) 진단비 뇌졸증 진단비 뇌혈관질환 진단비 허혈성심장질환 진단비 상해, 질병 수술비   이 외에 더 보완이 필요하거나 기존에 삭제해야 될 부분 있으면 확인 부탁드립니다~     암보험 상담 1 2 ",http://www.ppomppu.co.kr/zboard/zboard.php?id=consulting&page=3&category=1&divpage=11,http://www.ppomppu.co.kr/zboard/view.php?id=consulting&page=1&divpage=11&category=1&no=74157,기존에 가입하신 보험중 실비에 해당하는 부분은 갱신형 실손의료비 담보 8개 뿐입니다. 이외 특약은 실비와는 무관한 부분이며 담보 가성비가 그다지 좋지도 않습니다. 어차피 추가적으로 보험을 보완한다면 보험에 쓰이는 돈만 10만원에 육박할텐데 넘어갈 수도 있구요 그동안 건강에 이상이 없었다면 아예 보험을 해약하고 단독실비로 대체하시는 것도 고민해보시기 바랍니다. 2017년의 실비보험은 MRI 도수치료 비급여주사제에 대한 보장조건이 현재 판매되는 상품에 비해 근소하게 낫지만 가입후 15년 뒤 보장조건이 변경되기 때문에 해약에 따른 불이익은 장기적인 관점에서 본다면 없다고 봐도 무방합니다. 실비는 차치하고 부족한 부분은 암 혈관질환등 주요 3대진단비인데요 아래의 조건을 충족하는 상품이 현재 가입할 수 있는 상품중 가장 우수하니 참고하시기 바랍니다. 소액암 발병시 암진단비 가입금액의 20%를 보장 대장점막내암 생식기암을 일반암으로 보장 뇌혈관질환 진단비 허혈성 심질환 진단비를 구성할 수 있는 상품 비갱신 회원님의 연령을 고려한다면 메리츠화재나 동부화재의 어린이보험이 가장 최적입니다. 쪽지나 유선문의 남겨주시면 자세한 설명 받아보실 수 있습니다. 오규원 컨설턴트 010 4691 2828,기존에 가입중이신 삼성화재 보험은 특별한 병력사항이나 보험금 청구이력이 없으시다면 해지 후 재가입을 하시는 것이 보장이나 보험료면에서 유리하십니다. 그 이유는 암에 대한 보장금액이 300만원으로 너무 적고 대장점막내암을 일반암으로 보장하지 않습니다. 또한 뇌출혈 급성심근경색 보다 발병률이 높은 뇌경색 뇌졸증 뇌혈관 허혈성질환에 대한 진단금을 전혀 보장하지 않기 때문에 장점이 없는 상품이라고 보시면 됩니다. 회원님의 나이시라면 실비+3대질환 진단금+여성질환 수술비 보장을 충분히 준비하셔도 6 7만원 정도면 되시기 때문에 이보험을 유지하시고 보완을 하시는 것보다는 보험료에 지출을 좀더 효율적으로 하실 수있으세요 컨설턴트를 선택하여서 쪽지나 유선연락을 주시면 빠른 상담 받아보실 수 있습니다. 맹창호 컨설턴트 010 8286 5800,2013년 4월이후부터의 실비는 모든 보험사의 보장조건이 동일해졌고 15년마다 보장조건이 변경되어 재가입되는 형태로만 보장합니다. 따라서 가입된 실비도 추후 지금 시점에 판매되는 실비와 조건은 같아지며 삼성화재의 상품구조가 실비를 제외한 나머지 보장을 다른 보험사보다 협소한 조건으로 보장되고 의무사망담보에 대한 보험료 비중이 높기때문에 병력사항만 없다면 리모델링보다 해지하는 쪽으로 방향을 잡아야 합니다. 실비 다음으로 중요한 3대진단비는 1. 대장점막내암 생식기암도 일반암으로 보장 2. 뇌출혈만이 아닌 뇌졸중 뇌혈관 허혈성진단비 보장 3. 비갱신형 순수보장형 무해지환급 조건으로 일반 상품보다 약 30% 보험료 할인 이 3가지 조건을 모두 충족하는 상품을 선택해야하며 88년 5월중순이후 출생이시면 성인보험보다 유리한 조건으로 설계되는 무해지환급형 어린이보험을 통해 폭넓은 보장을 저렴하게 준비할 수 있습니다. 여성분이시면 뇌혈관 허혈성진단비와 각종수술비는 메리츠 내맘같은 어린이보험 으로 설계시 조건이 우수하구요. 암진단비는 MG손보 어린이보험과 조합했을 갑상선암 2천만원 보장과 메리츠 암진단비보다 저렴한 보험료를 적용받을 수 있습니다. 따라서 MG와 메리츠 어린이보험을 조합해서 설계시 가장 이상적인 보장을 받을 수 있구요. MG를 비선호하신다면 동부화재단건 또는 메리츠화재 단건으로 설계되는 견적을 비교해보셔야 합니다. 마음에드는 저희 인증 컨설턴트를 통해 회원님 연령에 가장 적합한 방법으로 리모델링하세요. 강신우 컨설턴트 010 2962 8727,병력사항에 제한이 없다면 재구성을 권해드립니다. 삼성화재보험은 손해보험사 중에서 유일하게 뇌출혈만 보장합니다. 또한 암보장에서 대장점막내암이 소액암으로 분류되어 있구요. 더욱이 보장대비 보험료면에서 높아 건강보험으로 추천드리기 힘든 상품입니다. 따라서 회원님은 현재 경쟁력 높은 상품 위주로 비교견적을 받아보시고 유리한 방향으로 결정하셔야 합니다. 29세 회원님이라면 어린이보험 미해지환급형 으로 20년납 80 90세만기 암진단비 5천 유사암 1 2천 뇌혈관 및 허혈성 2천 5만원대로 준비가 가능합니다. 단독실비보장은 1만원대로 준비가 가능하구요. 유지에 부담이 없는 보험료 가족력 병력사항 보장니즈에 맞춰 효율적인 구성 및 충분한 비교견적 도와드리겠습니다 상담신청 남겨주시면 자세한 안내 받아보실 수 있습니다. ,가입하신 삼성화재는 실질적인 보장이 갱신형으로 구성되어 있으면서 암보장중 생식기 대장점막내암이 소액암으로 분류되었고 혈관질환은 가장 중증인 뇌출혈 급성심근경색 진단비 보장만 되어 가장 좋지 않은 보험사중 하나입니다. 실손의료비도 현시점 조건보다 조금 좋으나 15년뒤 같아지게 되므로 특별한 병력사항이 없으시다면 해지후 재가입을 고려해 보셔야 합니다. 생명보험사가 아닌 손해보험사로 비갱신형 20년납 환급금미지급형 보장기간 실비는 100세 그외진단비 80세나 90세 효율적인 새로운 가입이 필요합니다. 생각하시는 보장구성 좋으며 환급금미지급형으로 가성비 좋아 보험료 저렴하면서 암보장중 여자분 발병률이 높은 갑상선암등 유사암 1500만원 뇌혈관 허혈성 각 2천만원 가능한 동부가 가장 우수하며 메리츠가 경쟁력이 있습니다. 회원님의 보장니즈와 희망하는 보험료 선에 맞춰 쪽지 상담 신청이나 개별 연락을 통해 유리한 보험사로 비교안내 받아보시기 바랍니다. 
12,Insurance,74156,"초등학생아이 보험구성할려고합니다 실비와 추가로 들것좀 알려주세요 초등4학년 아이 실비와 추가적으로 보험구성할려고 합니다  실비는 100세만기로 하나들고    추가적으로 암,뇌,심장 이정도 구성으로 80세만기로 갈려고 하는데 어떤가여? * insurance 에서 게시물 이동되었습니다 (2018-11-12 12:27 / no : 72021)초등학생아이 보험구성할려고합니다 실비와 추가로 들것좀 알려주세요 1 2 ",http://www.ppomppu.co.kr/zboard/zboard.php?id=consulting&page=3&category=1&divpage=11,http://www.ppomppu.co.kr/zboard/view.php?id=consulting&page=1&divpage=11&category=1&no=74156,기존보험 필히 보장분석 받아보시고 진행하세요. 부족한 보장 보완할 보장 유지하고 있는 보장 등 전반적으로 설명을 받아보시고 결정하시길 바랍니다. 현의료실비보장은 1년갱신 15년마다 재계약을 통하여 100세까지 갱신이 가능하며 전보험사 통합되어 동일하게 보장하고 있습니다 질병 상해 입원시 5천만원한도 질병 상해 통원시 25만원 질병 상해 약제비 5만원 비급여 MRI MRA 300만원 비급여 도수 체외 350만원 비급여 주사 250만원한도 자기부담금을 제외하고 한도내에서 실손으로 보상받을 수 있구요 단 갱신보험료는 보험사마다 차이가 있으므로 갱신율이 적고 가장 실생활에 많이 접하는 보장인만큼 보상청구가 수월하고 보상지급이 원활한 중대형보험사로 진행하시면 되겠습니다 자녀분의 나이에서는 6 7천원정도로 준비가 가능하구요. 3대진단비 암 뇌 심장 가입시 중점적으로 보셔야 할 부분은 보험사에서 강제하는 조항 의무설정 이 적은 상품이 좋으며 보장범위 보장대비 보험료 보장한도 등을 잘 따져보셔야 합니다. 우선적으로 추천드리는 보험은 손해보험사 어린이보험 미해지환급형 상품이구요. 미해지환급형은 납입기간 도중에 해지시 환급금이 전혀 없지만 순수보장형보다 20 30%저렴하게 가입이 가능하므로 가성비가 높습니다. 유지에 부담이 없는 보험료 가족력 병력사항 보장니즈에 맞춰 효율적인 구성 및 충분한 비교견적 도와드리겠습니다 상담신청 남겨주시면 자세한 안내 받아보실 수 있습니다. ,자녀분의 기존 가입된 보장이 있으시다면 먼저 점검을 받아보시 는것이 좋습니다. 실손의료비는 이미 가입이 되어있다면 중복으로 가입이 불가하며 그외 진단비 입원비 등의 정액형 보장은 만기설정을 원하시는대 로 조절하여 가입이 가능합니다. 자녀분의 생년월일 성별 5년내 병력사항 등의 기본사항과 함께 개별문의 하셔서 상세 조언 및 추천 설계안으로 안내 받아보시기 바랍니다. 번거로우시더라도 컨설턴트 선택후 쪽지나 유선으로 개별문 의 하시면 빠른 비교안내 받아보실수 있습니다. 이수미 컨설턴트 010 8743 7139 ,괜찮으세요. 실비는 자동으로 100세 까지 갱신되니 단독실비로 준비 하면 되고 3대 진단금의 경우 화페가치 고려하면 80세 만기여도 괜찮습니다. 실비는 7천원 전후 예상되고 3대 진단금만 납입에 부담없는 선에서 준비하면 되겠습니다. 메리츠 동부 엠지 비교하시면 되겠습니다. 컨설턴트 선택 후 문의 주시면 보다 자세한 안내 받을수 있습니다. 손은하컨설턴트 010 8979 0814,적어주신 내용이 요즘 들어 가장 많이 가입하는 플랜이라고 보시면 되세요. 자잘한 잔병은 실비에 의존하고 목돈 들어가는 암 뇌 심질환만 별도의 보험상품을 통해 추가 대비하는 개념입니다. 어린이보험을 조합해 가입하시면 실비는 7000원대 진단비는 80세만기 기준으로 4 5만원대면 넉넉한 구성이 가능합니다. 쪽지나 유선문의 남겨주시면 추천설계안과 자세한 설명 받아보실 수 있습니다. 오규원 컨설턴트 010 4691 2828,4학년 자녀분이시면 실비에 대한 보험료가 가장 저렴하게 적용되는 연령이고 암 뇌 심장질환에 대한 진단비는 무해지환급 조건으로 설계되는 어린이보험을 통해 약 30% 저렴한 보험료를 적용받을 수 있습니다. 남아인지 여아인지에 따라 추천해드릴 수 있는 상품이 달라지는데요. 아드님이시면 동부화재 아이러브 건강보험 따님이시면 메리츠화재의 내맘같은 어린이보험 중 하나의 상품을 선택해서 견적을 받아보셔야 합니다. 저희 인증 컨설턴트를 통해 자세한 안내 받아보세요. 강신우 컨설턴트 010 2962 8727
13,Insurance,74155,화재보험 추천 해주세요  아파트 화재보험 들려고 하는데 보험사 마다 보통 한달 만원 정도로 비슷한거 같던데 어느곳이 좋나요? 누수쪽으로 좋은상품 추천좀 부탁 드릴께요 * insurance 에서 게시물 이동되었습니다 (2018-11-12 12:26 / no : 72019),http://www.ppomppu.co.kr/zboard/zboard.php?id=consulting&page=3&category=1&divpage=11,http://www.ppomppu.co.kr/zboard/view.php?id=consulting&page=1&divpage=11&category=1&no=74155,화재보험은 화재손해 건물 가재 배상책임 임시거주비 가전수리비 건물복구비용으로 구성을 하는데요 보험료는 1만원에 준비가 가능하세요 컨설턴트 이름을 클릭 하시면 상담 요청을 남기실 수 있습니다 자세한 상담과 함께 비교 안내를 도와드리겠습니다 한지영 컨설턴트 010 8888 3948,#NULL,#NULL,#NULL,#NULL
14,Insurance,74154,90년생 남자 실비 보험 문의 드려요.. - 약 1년반 전에 맹장 터져서 맹장 수술 및 3일 입원 한번 있구요 (실비 없어서 사비로 다했네요ㅠ) - 1년이내 추가검사/재검사 > 없음 - 3개월이내 병원진료 > 없음 보험 들어야 하는데 막막한 상태에요 실비 외에도 전체적으로 제 나이에 맞게끔 보험 들고 싶은데.. 힘드네요 부탁 드립니다90년생 남자 실비 보험 문의 드려요.. 1 2 ,http://www.ppomppu.co.kr/zboard/zboard.php?id=consulting&page=3&category=1&divpage=11,http://www.ppomppu.co.kr/zboard/view.php?id=consulting&page=1&divpage=11&category=1&no=74154,보험이 전혀 없으시다면 실비보험과 암 심장 뇌질환 진단금을 먼저 준비하시고 납입 여력에 따라서 기타 진단금 후유장해 수술비 특약들을 준비하시면 되겠습니다 보험을 가입 하실때는 부담이 안되는 금액이셔야 만기까지 유지가 가능한데요 꼭 필요한 담보들로만 구성을하고 의무적으로 넣어야 하는 기본특약은 최소로 구성이 가능하신 회사로 선택을 하시면 되겠습니다 컨설턴트 이름을 클릭 하시면 상담 요청을 남기실 수 있습니다 자세한 상담과 함께 비교 안내를 도와드리겠습니다 한지영 컨설턴트 010 8888 3948,첫보험을 준비 하신다면 어느보장에 초점을 두시기 보다는 고루 보장을 받을 수 있도록 설계를 하시는 것이 중요합니다. 맹장수술의 경우 고지사항에 해당이 되시지만 보험을 준비하시는데는 전혀 문제가 없는 질환 입니다 가장 중요한 것은 매월 부담하실 수 있는 보험료 여력입니다. 여력이 충분하시다면 3대질환 진단금 수술비 후유장해까지 구성을 하시면 되시지만 그렇지 않으시다면 치료비 부담이 큰 암 뇌 심장질환에 대한 진단금과 수술비 보장부터 준비를 하셔야 합니다. 또한 보험을 준비하실 때에는 회원님의 가족력 보장니즈 보험료 납입여력 직업에 대한 특성을 충분히 반영해야만 회원님께 알맞는 보험사와 설계를 할 수 있습니다. 컨설턴트를 선택하여서 쪽지나 유선연락을 주시면 빠른 상담 받아보실 수 있습니다. 맹창호 컨설턴트 010 8286 5800,맹장수술은 치료종료 후 3개월만 경과되면 실비 가입에 큰 제약이 없구요. 그 외의 5년이내 입원 수술 7일이사치료 30일이상 약처방이 없고 1년이내 추가검사 재검사와 최근 3개월이내 고지사항이 없다면 실비는 수훨하게 가입할 수 있습니다. 실손의료비의 보장조건은 2013년 4월이후부터 모든 보험사의 보장조건이 동일해졌으며 1년갱신 15년재가입 조건으로 15년마다 보장조건이 변경되어 재가입되는 형태로만 보장합니다. 보상지급이 원활하고 타사보다 저렴한 보험료가 적용되는 동부화재를 통해 9천원 1만원 정도 비용으로 가입할 수 있구요. 실비 다음으로 중요한 암 뇌 심장질환에 대한 진단비를 얼만큼 준비하느냐에 따라 보험료가 3만원이 될수도 있고 10만원이 될수도 있습니다. 회원님께선 보험연령 30세이하 적용으로 성인보험보다 유리한 조건으로 설계되는 어린이보험을 통해 실비외 나머지 보장을 비갱신 순수보장형 무해지환급 조건으로 일반형 상품보다 약 30% 더 저렴한 보험료를 적용받을 수 있으세요. 남성분이기때문에 실비와 어린이보험은 모두 동부화재로 설계시 가장 좋은 조건의 보장을 받을 수 있구요. 암진단비는 MG손보 어린이보험과 조합하면 비용을 조금 더 낮출 수 있습니다. 컨설턴트 선택 후 아래 연락처 또는 쪽지양식에 맞추어 문의주시고 가입목적과 납입수준에 가장 적합한 보험으로 안내받아보세요. 강신우 컨설턴트 010 2962 8727,준비가 되어 있는 보험이 전혀 없으신 경우 사는 동안의 건강보장에서 가장 중요한 의료실비 3대진단비 암 뇌 및 심장 를 중심으로 준비를 하여 주시는 것이 좋겠습니다. 지난 4월 이후 단독으로만 구성이 가능한 의료실비의 경우 안정성면에서 좋은 평가를 받고 청구가 수월한 중상위권 이상의 손보사로 하여 주시면 무난하시구요. 3대진단비를 준비하실 때에는 기타피부암 제자리암 경계성종양 갑상선암을 일반암으로 보장하여 암보장의 범위가 가장 넓고 위 4가지 소액암을 일반암진단비의 20% 이상을 보장하고 뇌졸중 뇌경색+뇌출혈 급성심근경색증 뿐만이 아니라 뇌 및 심장관련하여 가장 넓은 범위를 보장하는 뇌혈관 허혈성심장질환진단비를 포함하며 의무사망 장해관련특약을 낮게 구성할 수 있어 보험료의 효율이 높은 미해지환급형 납입기간 내 해지 시 해지환급금이 없는 대신 보험료가 저렴 상품으로 순수보장형 비갱신형으로 희망보험료 납입에 부담이 없으신 수준 내에서 최대한 효율적으로 준비하여 주시면 되시구요. 보험나이 30세까지는 DB의 어린이 보험 상품으로 준비하셨을 때 보장이나 보험료 면에서 가장 경쟁력 있는 구성이 가능한데 메리츠와는 비교를 하여 보시는 것이 좋겠고 암진단비를 MG로 구성하면 소액암에 대한 조건과 보험료면에서 더 경쟁력 있는 구성이 가능합니다. 컨설턴트명 선택하셔서 문의하시거나 하기의 연락처로 연락주시면 자세한 상담 받아 보실 수 있습니다. 박진우 컨설턴트 010 2010 2055,맹장 수술은 보험 가입에 걸림돌이 되는 치료력이 아닙니다. 걱정 놓으셔도 되세요 1. 실비보험은 보험사에 따라 담보구성이나 가입금액 상한선이 달라지지 않습니다. 금융위원회의 지침에 따라 모든 보험사는 동일한 내용의 실비보험을 판매하고 있고 금액적인 부분도 몇번의 갱신을 거치다보면 비싼 보험사가 싼 보험사로 싼 보험사가 비싼 보험사로 바뀌는 경우가 허다합니다. 따라서 보험사간의 비교는 큰 의미가 없고 회원님께서 선호하는 보험사가 있거나 건강보험을 가입하는 보험사에 맞춰 준비하시는걸로 충분하다고 생각됩니다. 90년생이라면 1만원대 정도면 충분합니다. 2. 반면 실비를 제외한 나머지 보험은 보험사별로 경쟁력이 모두 다릅니다. 특히 암진단비에서 어떤 보험사는 생식기암과 유방암을 유사암으로 분류하여 판매하기도 합니다. 현재 가입할 수 있는 상품중 최상의 조건을 꼽자면 아래와 같습니다. 해지환급금 미지급형 상품 유사암 발병시 1500만원 보상 뇌혈관질환진단비 허혈성심질환 진단비 구성가능 유사암으로 분류되는 케이스가 갑상샘암을 비롯해 4종 회원님 연령을 고려해본다면 동부화재 어린이보험이 가장 유리합니다. 쪽지나 유선문의 남겨주시면 자세한 설명과 추천설계안 받아보실 수 있습니다. 오규원 컨설턴트 010 4691 2828
15,Insurance,74153,30세 남자 보험 좀 부탁드립니다 89년생 남자구요   변액 유니버셜 종신보험 해지하고 다시 설계하려합니다.   현제 보험 운전자 보험 뿐입니다.    암 실비 건강 등으로 가격은 대략 8~10만원 정도 생각 하고 있습니다.   화재 쪽이 괜찮다고 하던데 설계 좀 부탁 드립니다30세 남자 보험 좀 부탁드립니다 1 2 ,http://www.ppomppu.co.kr/zboard/zboard.php?id=consulting&page=3&category=1&divpage=11,http://www.ppomppu.co.kr/zboard/view.php?id=consulting&page=1&divpage=11&category=1&no=74153,30세분께서는 어린이보험으로 준비를 하시는게 좋습니다 어린이보험은 성인보험보다 보장 조건이 좋은 담보들을 높은 금액으로 설정이 가능하고 의무 담보가 작기 때문에 어린이보험으로 준비를 하셔야 하세요 어린이 보험으로 조건이 좋은곳은 동부 메리츠 엠지 인데요 비교 안내를 받아보세요 컨설턴트 이름을 클릭 하시면 상담 요청을 남기실 수 있습니다 고객님 니즈에 맞는 설계서와 회사별 비교 안내를 도와드리겠습니다 한지영 컨설턴트 010 8888 3948,사망보장을 제외한 실비 암 뇌 심장질환에 대한 보장은 생명보험보다는 손해보험이 보장과 보험료면에서 유리하십니다. 특히 회원님의 나이시라면 성인보험이 아닌 어린이 보험으로 성인보험보다 유리한 보장 구성이 가능하십니다. 의료실비보험은 1만원대 주요질환인 암 뇌 심장질환 진단금과 남성질환 수술비 보장은 금액에 따라서 달라지시지만 7 8만원 정도면 충분한 보장 구성이 가능하십니다. 운전자 보장의 경우도 특약으로 추가를 하시면 4 5천원대로 추가를 하실 수 있습니다. 설계를 위해서는 정확한 생년월일 직업 병력사항 가족력 등과 같은 어러가지 사항을 고려해야 하기 때문에 상담신청을 통해서 도움 받아보시기 바랍니다 컨설턴트를 선택하여서 쪽지나 유선연락을 주시면 빠른 상담 받아보실 수 있습니다. 맹창호 컨설턴트 010 8286 5800,종신보험을 해지하므로 인하여 준비가 되어 있는 보험이 전혀 없으신 상황이라면 사는 동안의 건강보장에서 가장 중요한 의료실비와 3대진단비 암 뇌 및 심장 를 중심으로 준비를 하여 주시는 것이 좋겠습니다. 지난 4월 이후 단독으로만 구성이 가능한 의료실비의 경우 안정성면에서 좋은 평가를 받고 청구가 수월한 중상위권 이상의 손보사로 준비를 하여 주시면 무난하시구요. 3대진단비를 준비하실 때에는 기타피부암 제자리암 경계성종양 갑상선암을 제외한 모든암을 일반암으로 보장하여 암보장의 범위가 가장 넓고 위 4가지 소액암을 일반암진단비의 20% 이상을 보장하며 뇌졸중 뇌경색+뇌출혈 급성심근경색증 뿐만이 아니라 뇌 및 심장관련하여 가장 넓은 범위를 보장하는 뇌혈관 허혈성심장질환진단비를 포함하고 의무사망 장해관련특약을 낮게 구성할 수 있어 보험료의 효율이 높은 미해지환급형 납입기간 내 해지 시 해지환급금이 없는 대신 보험료가 저렴 상품으로 순수보장형 비갱신형으로 희망보험료 납입에 부담이 없으신 수준 내에서 최대한 효율적으로 준비를 하여 주시면 되시는데요. 보험나이 30세까지는 DB 메리츠의 어린이 보험상품으로 준비를 하실 때 보장이나 보험료면에서 가장 경쟁력 있는 구성이 가능하니 비교 선택하시면 되겠습니다. 컨설턴트명 선택하셔서 문의하시거나 하기의 연락처로 연락주시면 자세한 상담 받아 보실 수 있습니다. 박진우 컨설턴트 010 2010 2055,1. 실비보험 금융위원회의 지침에 따라 모든 보험사는 토씨 하나 다르지 않은 동일한 약관을 적용하여 판매합니다. 내용상 차이점은 전혀 없고 초기 보험료나 보상인프라 정도만 상이하므로 회원님의 선호도에 따라 취사선택하시는 걸로 충분합니다. 대형 보험사인 동부나 메리츠도 괜찮고 지방출장이 잦다면 은행창구를 통해 보험금 청구접수가 가능한 농협도 검토해보시는걸 추천드립니다. 2. 암보험 보험사마다 제각각의 개성이 묻어나오는 상품입니다. 특히 암담보의 경우 보상청구가 굉장히 잦기 때문에 보험사의 경영지침에 따라 보장범위가 판매시기별로 달라지기도 합니다. 유사암 발병시 암진단비 가입금액의 20% 보장 유사암으로 분류되는 케이스 4종 갑상선암을 비롯해 4가지 비갱신 해지환급금 미지급형 구조 3가지를 충족하는 상품이 현재로선 최상의 조건이라고 보시면 되고요 동부 메리츠 농협 정도를 비교해보시면 좋을 것 같습니다. 나이대와 성별에 따라 유불리가 조금씩 갈리니 주의하시기 바랍니다. 쪽지나 유선문의 남겨주시면 자세한 설명 받아보실 수 있습니다. 오규원 컨설턴트 010 4691 2828,운전자보험이외 다른 보험이 없다고 가정 한다면 일단 실비보험을 먼저 가입하셔야 합니다. 실비보험은 모든 보험사가 동일합니다. 그래서 보험금청구시 피드백이 빠르고 보험료가 저렴한 상품을 선택해 준비하시는게 좋겠습니다. http www.ppomppu.co.kr zboard view.php id consulting&page 1&divpage 13&no 69546 현재 가입이 가능한 실비보험의 보장조건과 보험사별 보험료 비교자료 입니다. 그외 암 뇌혈관 심혈관질환 진단금보장은 실비보험과 달리 보험사마다 보장조건이 모두 상이합니다. 그래서 보험사 선택이 매우 중요합니다. 일단 회원님의 나이와 직업 병력 가족력 원하시는 보장을 고려해야 합니다. 다음으로 특약별 보장조건도 꼼꼼하게 비교해 보셔야 합니다. 암보장의 경우 대장점막내암과 전립선암 방광암을 일반암으로 보장하며 유사암 진단금이 높게 설정되는 보험사를 선택하시는게 좋겠습니다. 뇌혈관질환은 꼭 뇌경색증이 포함되며 모든 뇌혈관질환을 커버하는 특약이 포함되어야 합니다. 심혈관질환은 급성심근경색증보다 보장범위가 넓은 허혈성심장질환인 협심증이 포함되어야 합니다. 컨설턴트를 선택해 쪽지 문자로 주시면 자세한 안내를 받아보실수 있습니다. 정재성 컨설턴트 010 9131 1865
16,Insurance,74152,"화재보험 어디가 좋나요?  우리집에 물건이나 옷 ,등 자산을 보장하는거랑 남에 집 피해도 보상해 주는거로 하고 싶은데요",http://www.ppomppu.co.kr/zboard/zboard.php?id=consulting&page=3&category=1&divpage=11,http://www.ppomppu.co.kr/zboard/view.php?id=consulting&page=1&divpage=11&category=1&no=74152,#NULL,#NULL,#NULL,#NULL,#NULL
17,Insurance,74151,"태아보험 문의 드립니다  7주차이고 첫째입니다. 불필요한특약이나 성인질환위주 등 낭비없이 알찬 설계로 부탁드립니다   현대해상 으로 30세만기,  4~6만원대로 생각중입니다.   82305258@hanmail.net   좋은 설계 부탁드립니다.    ",http://www.ppomppu.co.kr/zboard/zboard.php?id=consulting&page=3&category=1&divpage=11,http://www.ppomppu.co.kr/zboard/view.php?id=consulting&page=1&divpage=11&category=1&no=74151,7주차이고 첫째입니다, 불필요한특약이나 성인질환위주 등 낭비없이 알찬 설계로 부탁드립니다 , , 현대해상 으로 30세만기 4 6만원대로 생각중입니다. 82305258 hanmail.net 좋은 설계 부탁드립니다. , 
18,Insurance,74150,"태아보험견적요청  6주차이고 둘째입니다. 첫째아이보험을 갓 보험에 입문하신;? 부모님 지인분께 가입을했더니 영 만족스럽지가않네요. 불필요한특약이나 성인질환위주 등 낭비없이 알찬 설계로 부탁드립니다 현대해상, 메리츠로  30세만기, 4~6만원대로 부탁드릴께요 emmahjlee@hanmail.net",http://www.ppomppu.co.kr/zboard/zboard.php?id=consulting&page=3&category=1&divpage=11,http://www.ppomppu.co.kr/zboard/view.php?id=consulting&page=1&divpage=11&category=1&no=74150,진심으로 축하드립니다 태아보험은 임신중에 가입하여 출생시 일어날수 있는 위험에 대한 보장을 준비하는 보험으로 주수에 따라서 특약들 구성하는 방법이 달라지는데요 22주안이시라면 인큐베이터비용이나 선천성이상관련수술비를 별도로 구성하실수 있으시구요 특약들은 가장 기본적인 실손의료비와 영유아기때 보장을 위한 입원일당 각종수술비 진단비 후유장해등을 주된보장등이 있구요 가장 일반적인 방법은 실손의료비는 단독으로 준비를 해야 하고 평생보장으로 갖고 가시는 거구요 태아관련보장들은 영유아기때 보장에 집중하시고 특약들은시간경과에 따른 보장금액의 실질화폐가치를 고려해서 30세만기로 하시는 방법이 가장 경쟁력이 있는데 이렇게 하시면 현대해상으로 총 5만원대로 충분한 구성이 가능하세요 태아보험 관련해서 전반적인 안내는 아래 정보글을 확인해보시구요 실질적인 도움이 되었으면 좋겠네요 http www.ppomppu.co.kr zboard view.php id consulting&no 71763&slave off 컨설턴트 이름을 클릭시면 추천설계안과 더불어 정확한 안내를 받아보실수 있습니다 강치환 컨설턴트 010 8640 3646,태아보험을 가입 하시는 시기는 각종 검사가 시작되기전인 10주전이 좋습니다 각종 검사에서 태아에 문제가 있거나 산모님의 건강상의 이유로 병원 진료를 보신다면 가입시 소견서 및 각종 서류들이 필요하거나 출산후로 가입이 거절되실 수 있습니다 대부분의 보험사가 실비 100세 그외 담보 30세로 설계할경우 5만원대 주요질환 및 기타 특약들도 100세로 설계하면 10만원대 보험료로 가입이 가능하십니다 하지만 태아특약 소멸 및 의료실비항목에서 매년 보험료는 줄어들어 몇년후 보험료는 현재 가입 금액대비 2 3만원정도 낮아지게 됩니다 컨설턴트 이름을 클릭 하시면 상담 요청을 남기실 수 있습니다 자세한 상담과 함께 비교 안내 받아보시기 바랍니다 한지영 컨설턴트 010 8888 3948,태아보험이란 어린이보험+태아특약 선천성이상수술비 저체중아육아비용 출생위험 이 포함된 것을 말하는데요. 태아특약은 22주6일 이내에 가입이 가능하며 임신을 확인하고 최대한 빠른시간에 가입을 하시는것이 좋습니다. 각종 검사시 이상소견 또는 산모님의 건강상태에따라 가입이 지연되거나 거절이 될수 있기 때문입니다. 첫째때는 종합보험에 실손을 특약하여 가입을 하셨을 텐데요. 올해 4월부터는 실비는 단독으로만 판매가 가능하여 실비와 종합보험 두개로 나누어 가입을 하셔야 합니다. 실비는 1년마다 갱신 15년주기로 보장조건이 변경되어 100세까지 유지하실수 있고 20년납 기준으로 주요 진단비와 어린이 보장 특약들을 30세로 하면 실비포함 4 5만원대로 주요 진단비를 80세로 하면 8 9만원대로 준비하실수 있습니다. 주요진단비 암 뇌혈관 심혈관 질병후유진단비 어린이보장특약 입원일당 수술비 골절 화상진단비등 1년뒤 태아특약이 소멸되고 위험률 감소로 실비 보험료가 낮아지면 3년뒤엔 가입시보다 총보험료에서 2 3만원 적은 금액으로 유지가 가능하며 선천적질환을 유일하게 보장하고 보상청구 피드백이 좋은 현대해상이 경쟁력이 있습니다. 컨설턴트 선택후 개별문의 주시면 보다 자세한 안내 받아 보실수 있습니다. 건강하고 행복한 태교하시기 바랍니다 ,소중한 둘째아가 임신을 축하드립니다 6주차로 임신초기신대요 기형아 검사전에 준비하시어 안전한 보장 받으시구요. 태아보험은 보상 지급 및 보장 혜택등 현대해상이 가장 경쟁력이 있으며 상해.질병에 대한 소아보장부터 주요질환들에 대한 보장까지 각종 진단비 수술비 입원비 태아보장등 다양하고 폭넓은 보장으로 가져가실수 있습니다. 실비 100세 기타 특약 30세로 구성시 5 6만원대로 충분히 가능하시며 둘째이므로 다자녀 1%할인 적용을 받으실수 있구요. 추천안 받아보시고 자세한 상담은 컨설턴트를 통해 문의주시어 안내 받아보시기 바랍니다. 최광옥컨설턴트 010 9953 1379,둘째아기 소중한 임신 축하드립니다. 다자녀할인 1% 가능하세요 이메일주소 공개로 개인정보 유출되어 다량의 광고성 메일을 받을 수 있으니 삭제해주시는게 좋습니다. 댓글 남긴 인증컨설턴트인지 확인해주시기 바랍니다. 태아보험은 임신초기 여러가지 태아 산전검사나 기형아검사에 이상소견이 있으면 가입자체가 어려워지고 태아특약 저체중아입원일당 신생아질병입원일당 선천이상수술 입원 등 22주 6일 이내 선택 가능하므로 빠른 가입이 유리합니다. 보장범위가 타보험사보다 넓고 보상청구가 수월한 태아보험 1위 현대해상으로 실비와 어린이보험을 합해 4 5만원대로 가장 많이 준비하십니다. 단독실비 100세만기 는 2만원대로 가능하고 올해 4월부터 1년단위 갱신되며 15년마다 재가입하는 조건은 전보험사 보장 동일합니다. 어린이보험 30세만기 은 태아특약 첫날부터 입원일당 암 뇌질환 심장질환 2 3만원대로 가능하며 태아특약이 빠지고 3년뒤 위험률이 줄어 실비와 어린이보험을 합하여 3만원대 납입하게 됩니다. 빠른 상담을 원하시면 아래 핸드폰번호로 상담요청 문자나 연락주시거나 컨설턴트 이름을 클릭해서 쪽지로 연락처를 남겨 주시기 바랍니다. 
19,Insurance,74149,영업용차량 보험  영업용차량 설계 가능하신 설계사님 댓글주세요.,http://www.ppomppu.co.kr/zboard/zboard.php?id=consulting&page=3&category=1&divpage=11,http://www.ppomppu.co.kr/zboard/view.php?id=consulting&page=1&divpage=11&category=1&no=74149,#NULL,#NULL,#NULL,#NULL,#NULL
20,Insurance,74148,건강보험 질병사망 보험 질문입니다.  메리츠 더좋은 알뜰건강보험 내용중 질병사망 고민중인데 한달 8900원보험료고 1억나오게 20년 만기설정할 생각인데요 현재 33세이며 추후 진짜 그럴일이 생기면 필요한기간이 이정도라 생각되어 20년으로 했습니다 보장금액을 7000만으로 낮출지 1억할지 고민인데 고견부탁드립니다. * insurance 에서 게시물 이동되었습니다 (2018-11-12 10:22 / no : 72015),http://www.ppomppu.co.kr/zboard/zboard.php?id=consulting&page=3&category=1&divpage=11,http://www.ppomppu.co.kr/zboard/view.php?id=consulting&page=1&divpage=11&category=1&no=74148,손해보험사로 보장을 준비하실때는 사망에 대한 부분보다는 회원님 평생을 위한 보장에 집중하셔야 합니다 그리고 질병사망은 손해보험사로는 보장 기간에 대한 제한이 있어서 추천하는 보장은 아니시구요 차라리 사망에 대한 보장을 원하신다면 어떤 사망도 다 보장하는 일반사망으로 생명보험사의 상품으로 준비하시는 것이 나을것 같네요 일단 메리츠의 해당 상품을 어떻게 설계받으셨는지를 확인했으면 좋겠구요 해당 상품이 경쟁력이 있는지 아니면 다른 보험사의 상품이 더 경쟁력이 있는지 비교를 해보시면 좋겠습니다 컨설턴트에게 문의를 하시면 보다 자세한 안내를 받아보실수 있습니다 강치환 컨설턴트 010 8640 3646,회원님 보험나이에는 메리츠보다는 엠지나 농협이 보장범위나 보험료면에서 우수합니다. 사망보장에 대한 보장니즈가 있으시다면 어떤사망이든 보험금 지급을 해주는 생명보험사 정기보험이 좋습니다. 컨설턴트 이름 클릭하여 쪽지 상담 신청이나 개별 연락을 통해 구체적인 비교안내 받아보실 수 있습니다. ,넣는다면 1억으로 설정하시고 줄일바엔 아예 빼는 상품 농협 동부등 경쟁사 상품 으로 검토해보세요. 사망담보 보험료가 다른 담보에 비해 제법 비싼 편이라서 유가족들에게 확실하게 도움되는 수준으로 구성할게 아니라면 안넣느니만 못한 것 같습니다. 쪽지나 유선문의 남겨주시면 자세한 설명 받아보실 수 있습니다. 오규원 컨설턴트 010 4691 2828,사망쪽 보장이 필요하다면 질병사망 보다는 보험료가 저렴한 정기보험을 준비해보세요 컨설턴트 이름을 클릭 하시면 상담 요청을 남기실 수 있습니다 자세한 상담과 함께 비교 안내를 도와드리겠습니다 한지영 컨설턴트 010 8888 3948,33세 남성분께는 메리츠 더좋은 알뜰한 건강보험은 추천 드리지 않는 상품입니다. 그리고 사망보장은 생명보험사로 하셔야 보험료나 보장이 유리하구요 사망보장의 필요성이 없으면 가입할 필요가 없습니다. 최소한의 필수로 요구되는 금액만 넣고 가입하시면 되며 손해보험사의 질병사망은 종신보험보다 보험료가 비싼 특약입니다. 다른 상품으로 안내 받아보시기 바랍니다. 컨설턴트명 클릭 후 양식에 맞게 쪽지 보내 주시거나 핸드폰으로 연락 주셔서 구체적인 상담 및 설계 받아보시기 바랍니다. 정재환 컨설턴트 010 4202 8239 
21,Insurance,74147,태아보험 설계부탁합니다. 아내가 둘째임신해서 태아보험 알아보는중입니다. 10년~30년납중 고민중입니다. 그리고 만기도 80세 100세 고민입니다. 자녀에게 좋은 보험해주고 싶은 마음은 부모로서 똑같겠지만. 어떤걸 어땋게 해야할지 고민입니다. 좋은 설계 제 메일 kimmk2152@daum.net 보내주세요 감사합니다.태아보험 설계부탁합니다. 1 2 ,http://www.ppomppu.co.kr/zboard/zboard.php?id=consulting&page=3&category=1&divpage=11,http://www.ppomppu.co.kr/zboard/view.php?id=consulting&page=1&divpage=11&category=1&no=74147,태아보험이란 어린이보험+태아특약 선천성이상수술비 저체중아육아비용 출생위험 이 포함된 것을 말하는데요. 태아특약은 22주6일 이내에 가입이 가능하며 임신을 확인하고 최대한 빠른시간에 가입을 하시는것이 좋습니다. 의사선생님의 권유로 유산방지제 처방을 받거나 산모님의 건강상태에 이상이 생길경우 가입이 지연되거나 거절이 될수 있기 때문입니다. 첫째아이 때는 종합보험에 실비가 포함된 형태로 안내받아 보셨을텐데요. 2018년 4월이후로 실비는 단독으로만 판매가 가능하여 실비와 건강보험 두개 보험으로 나누어 보험을 준비해 주셔야 합니다. 20년납 기준으로 주요 진단비와 어린이 보장 특약들을 30세로 하면 4 5만원대로 주요 진단비를 80세로 하면 8 9만원대로 준비하실수 있습니다. 주요진단비 암 뇌혈관 심혈관 질병후유진단비 어린이보장특약 입원일당 수술비 골절 화상진단비등 1년뒤 태아특약이 소멸되고 위험률 감소로 실비 보험료가 낮아지면 3년뒤엔 가입시보다 총보험료에서 2 3만원 적은 금액으로 유지가 가능하며 선천적질환을 유일하게 보장하고 보상청구 피드백이 좋은 현대해상이 경쟁력이 있습니다. 둘째 자녀이시면 다자녀할인 매월1% 적용받으실수 있습니다. 컨설턴트 선택후 개별문의 주시면 보다 자세한 안내 받아 보실수 있습니다. 건강하고 행복한 태교하시기 바랍니다 ,이메일 등과 같은 개인정보는 삭제해주시는것이 좋습니다. 무분별한 스팸메일을 받으실수 있기에 가급적 인증컨설턴트 선택하셔서 니즈에 맞는 추천 설계안으로 안내 받아보시기 바 랍니다. 이수미 컨설턴트 010 8743 7139 ,소중한 임신 축하 드립니다 만기를 80세 90세로 구성하여 일생에 걸친 보장을 준비하여 주시고자 하는 경우 의료실비와 태아 및 어린이 특약 그리고 주요 3대진단비 암 뇌 및 심장 및 성인관련질환의 3가지 조합으로 구성하여 주셔야 보험료의 효율면에서 경쟁력 있는 구성이 가능합니다. 컨설턴트명 선택하셔서 문의하시거나 하기의 연락처로 연락주시면 적합한 설계를 위한 몇가지 정보 확인 후 효율적인 설계안과 자세한 상담 받아 보실 수 있습니다. 박진우 컨설턴트 010 2010 2055,소중한 둘째 자녀분의 임신을 축하드립니다 이메일주소를 노출하시면 원하시는 정보보다는 홍보목적의 스팸메일 때문에 혼란스럽게 됩니다 제 아이의 보험을 준비한다는 생각으로 설계한 자료가 있으니 아래 정보글을 한번 참고해 보시기 바랍니다 http www.ppomppu.co.kr zboard view.php id consulting&page 1&divpage 13&no 73750 컨설턴트에게 쪽지를 통한 상담신청이나 아래번호로 연락주시면 자세한 안내를 해 드리겠습니다 전형근 컨설턴트 010 9138 3955 ,둘째의 임신을 진심으로 축하드립니다 첫째때와는 사뭇 달라진 설계안을 보실수 있습니다 가장 큰 차이는 실손의료비이구요 태아특약들 보장구성등이 변경이 되었습니다 다시한번 첫째때 기억을 되살리셔서 둘째 태아보험을 잘 준비해주시면 되세요 태아보험은 보장 세부 내용들이 워낙 많기 때문에 정확한 안내가 필요하신데요 가장 일반적인 방법은 실손의료비는 평생보장으로 준비하시는 거구요 태아관련보장들은 시간경과에 따른 보장금액의 실질화폐가치를 고려해서 30세만기로 중요질병은 80세정도 준비를 하실때는 무해지환급형 상품으로 진단비를 따로 준비하시면 가성비 있게 준비가 되세요 태아보험 관련해서 전반적인 안내는 아래 정보글을 확인해보시구요 실질적인 도움이 되었으면 좋겠네요 http www.ppomppu.co.kr zboard view.php id consulting&no 71763&slave off 컨설턴트 이름을 클릭하셔서 추천설계안을 받아보시는 것 뿐만 아니라 꼭 설명을 들으셔서 원하시는 보장을 제대로 준비하시길 바랍니다 강치환 컨설턴트 010 8640 3646
22,Insurance,74146,"84년생 대략적인 건강/실비 보험 상담부탁드립니다,. [안내사항] ① 설계와 가입문의는 아래 URL의 인증컨설턴트 이미지를 클릭하여 문의 하시기 바랍니다. - 관련 URL: http://www.ppomppu.co.kr/zboard/view.php?id=consulting&no=2509 ② 빠른 설계와 가입문의를 원하시는 회원님들께서는 본게시판의 상담신청 배너를 이용 하시기 바랍니다. - 게시글의 열람은 누구나 가능하기 때문에 개인정보는 절대 기재하지 마십시요. (이름/주민번호/연락처/이메일등) ------------------------------------------<게시물 작성 시 위 내용은 삭제하고 작성하세요!>--------------------------------------------     84년생 남자 입니다. 건강/실비 상담 부탁드립니다.84년생 대략적인 건강/실비 보험 상담부탁드립니다,. 1 2 ",http://www.ppomppu.co.kr/zboard/zboard.php?id=consulting&page=3&category=1&divpage=11,http://www.ppomppu.co.kr/zboard/view.php?id=consulting&page=1&divpage=11&category=1&no=74146,준비가 되어 있는 보험이 없으신 것으로 보이네요. 이 경우 기재하여 주신 것처럼 사는 동안의 건강보장에서 가장 중요한 의료실비와 3대진단비 암 뇌 및 심장 를 중심으로 준비를 하여 주시면 되시는데요. 지난 4월 이후 단독으로만 구성이 가능한 의료실비의 경우 안정성면에서 좋은 평가를 받고 청구가 수월한 중상위권 이상의 손보사로 준비를 하시면 무난하겠습니다. 3대진단비의 경우 기타피부암 제자리암 경계성종양 갑상선암을 제외한 모든암을 일반암으로 보장하여 암보장의 범위가 가장 넓고 위 4가지 소액암을 일반암 진단비의 20% 이상을 보장 하고 뇌졸중 뇌경색+뇌출혈 급성심근경색증 뿐만이 아니라 뇌 및 심장관련하여 가장 넓은 범위를 보장하는 뇌혈관 허혈성심장질환진단비를 포함하며 의무사망 장해관련특약을 낮게 구성할 수 있어 보험료의 효율이 높은 미해지환급형 납입기간 내 해지 시 해지환급금이 없는 대신 보험료가 저렴 상품으로 순수보장형 비갱신형 으로 희망보험료 납입에 부담이 없으신 수준 내에서 최대한 효율적으로 준비하시면 되시구요. 회원님의 보험나이를 고려하면 위 조건을 모두 충족시키면서 보험료면에서 경쟁력이 높은 농협 MG 를 추천 드릴 수 있고 이들 상품을 비교 선택하시면 되겠네요. 컨설턴트명 선택하셔서 문의하시거나 하기의 연락처로 연락주시면 자세한 상담 받아 보실 수 있습니다. 박진우 컨설턴트 010 2010 2055,기존에 가지고 계신 보험이 있으신지요 있으시다면 이번기회에 보장분석을 통해 불필요한 특약 정리와 부족한 보장을 새로 가입할 보험에 채워서 가입이 좋습니다. 보험은 평생 살아가면서 보장받을 실비보장과 3대 암 뇌 심장질환 진단비 중점으로 준비하셔야 보험료 누수가 없습니다. 우리나라 의료실비는 단독으로 구성하여야 하며 모든보험사 통합되어 동일한 보장 1년 갱신형이므로 갱신률이 적고 보상청구 수월한 민영손해보험사 선택이 좋습니다. 3대진단비 준비시 중점으로 볼 보장범위는 암보장중 전립선 방광 대장점막내암이 소액암으로 분류되지 않고 혈관질환은 중증 뇌출혈이 아닌 뇌혈관 뇌경색 허혈성진단비 보장이 되는 보험사 선택이 중요합니다. 생명보험사가 아닌 손해보험사로 비갱신형 20년납 환급금미지급형 보장기간 실비는 100세 그외진단비 80세나 90세가 효율적이며 엠지와 농협이 경쟁력이 있습니다. 컨설턴트 이름 클릭하여 쪽지 상담 신청이나 개별 연락을 통해 구체적인 비교안내 받아보시기 바랍니다. ,종합보험에서 선택할 수 있는 담보는 사망 3대진단비 각종수술비 상해 비용담보등 최소 40여가지에 달합니다. 피보험자 1인이 이 모든 사고를 겪을 가능성은 0 이므로 모든 사고가능성을 대비해 보험을 준비하시면 필연적으로 보험사만 배불려주는 결과가 나올 수 밖에 없으므로 선택과 집중이 무엇보다 중요합니다. 보편적으로 가장 많이 권해드리는 플랜은 실비 + 3대진단비 형태인데요 자잘한 잔병은 실비보험에 의존하고 완치와 회복까지 막대한 시간과 비용이 들어가는 병들만 별도의 보험을 통해 추가적으로 대비하는 개념이라고 보시면 됩니다. 실비보험은 어느 보험사로 알아보시건 금융위원회의 지침에 따라 동일한 내용 동일한 약관이 적용되어 판매됩니다. 초기보험료만 다르나 초기보험료의 차이가 영구적인게 아니기 때문에 사실상 보험사 취사선택만 하시면 되는데요 반면 3대진단비 건강보험 의 경우 보험사마다 제각각의 특징이 있기 때문에 아래의 조건을 충족하는 상품을 잘 골라내는 것이 중요합니다. 유사암으로 분류되는 케이스가 적은 상품 유사암 발병시 암진단비 가입금액의 20% 이상을 약정하는 상품 뇌혈관질환진단비 허혈성심질환진단비를 구성할 수 있는 상품 비갱신 해지환급금 미지급형 구조 연령에 따라 다르겠습니다만 보통 동부와 메리츠 농협 정도로 선택지를 압축해서 안내드리고 있습니다. 쪽지나 유선문의 남겨주시면 자세한 설명 받아보실 수 있습니다. 오규원 컨설턴트 010 4691 2828,가입된 보험이 없으시면 1. 실비 실제 부담한 병원비에서 본인부담금을 제외하고 나머지 병원비를 돌려받는 의료실비를 우선으로 준비해주셔야 합니다. 모든 보험사의 보장조건이 동일하기때문에 보상지급이 원활하고 타사보다 저렴한 보험료가 적용되는 메리츠와 동부의 설계안을 받아보시고 원하시는 보험사로 1만원대 준비가 가능합니다. 2. 3대진단비 보장성 보험은 실비를 비롯하여 암 뇌 심장질환에 대한 진단비를 적정수준까지 준비하는 것이 핵심인데요. 회사별로 보장범위가 다르기 때문에 보장범위가 넓고 일반형 상품보다 약 30% 저렴한 보험료가 적용되는 회사로 안내받아보셔야 합니다. 전립선암 방광암 대장점막내암도 일반암으로 보장하고 뇌혈관 허혈성진단비를 포함시켜 설계할 수 있는 회사는 농협과 MG손보이구요. 이 두 보험사 상품은 납입기간 중 해지환급금을 미지급하는 조건으로 타사보다 저렴한 보험료를 적용받고 3대진단비를 준비할 수 있습니다. 컨설턴트 선택 후 아래 연락처 또는 쪽지양식에 맞추어 문의주시고 자세한 견적 받아보세요. 강신우 컨설턴트 010 2962 8727,실비보험은 모든 보험사의 보장범위 보장금액 본인부담이 동일합니다. 그래서 상품을 선택하실때는 보험금 청구절차가 간소하고 지급이 빠르며 보험료 가 저렴한 보험사를 선택하시면 되겠습니다. http www.ppomppu.co.kr zboard view.php id consulting&page 1&divpage 13&no 69546 현재 가입이 가능한 실비보험의 보장조건과 보험사별 보험료 비교자료 입니다. 다음으로 암 뇌혈관 심혈관질환 진단금도 구성을 하셔야 합니다. 진단금은 중한 질병으로 장기간 치료시 발생할수 잇는 간병자금이나 요양자금 생활자금의 공백을 커버하기 위함입니다. 그래서 너무 과도한은 구성은 피하시고 납입에 부담이 없도록 준비하시는게 최선입니다. 진단금보장은 보험사마다 보장 보장범위 보장금액등이 상이합니다. 이에 다음조건을 충족하는 보험상품을 선택해 준비하시기 바랍니다. 대장점막내암과 전립선암 방광암까지 일반암으로 보장하며 갑상선암이 포함된 유사암 진단금이 일반암 진단금에 20%까지 구성되어야 합니다. 뇌혈관질환은 꼭 뇌경색증이 포함되며 뇌혈관질환 전체를 커버하는 특약이 포함되어야 합니다. 심혈관질환은 급성심근경색증보다 보장범위가 넓은 허혈성심장질환인 협심증이 포함되어야 합니다. 저해지환급형으로 가입하시면 일반적인 보험에 비해 30%정도 저렴하게 가입이 가능합니다. 컨설턴트를 선택해 쪽지 문자로 주시면 자세한 안내를 받아보실수 있습니다. 정재성 컨설턴트 010 9131 1865
23,Insurance,74145,암보험 아내 암 보험 추천해주세요 만 35세 여성입니다.암보험 1 2 ,http://www.ppomppu.co.kr/zboard/zboard.php?id=consulting&page=3&category=1&divpage=11,http://www.ppomppu.co.kr/zboard/view.php?id=consulting&page=1&divpage=11&category=1&no=74145,암보험은 보장 범위가 가장 중요합니다. 암진단금에서 대장잠막내암 유방암 자궁암등 모두 일반암에서 100% 보장 받아야 하고 갑상선암을 보장하는 유사암은 암진단금에 20% 이상 보장 받아야 합니다. 그 다음으론 갱신여부 입니다. 갱신형으로 준비 하면 지속적으로 인상되는 보험료를 보장 기간 내내 납입해야 함으로 비갱신으로 준비 해서 젊었을때 완납하고 노년기엔 보장만 받아야 합니다. 해지환급금 미지급형 상품으로 준비하면 저렴한 금액으로 보장 구성가능하고 20년 납입 만기는 80세나 90세 만기로 설정하면 되겠습니다. 컨설턴트 선택 후 문의 주시면 보다 자세한 안내 받을수 있습니다. 손은하컨설턴트 010 8979 0814,보유하신 보험이 있으신 경우 보유보험의 보장내용에 대한 확인을 받아 보시는 것이 좋겠습니다. 보장분석이 선행되어야 부족하거나 과하지 않은 보완이 가능하거든요. 필요한 보장이 암진단비 뿐이신 경우 기타피부암 제자리암 경계성종양 갑상선암을 제외한 모든암을 일반암으로 보장하여 암보장의 범위가 가장 넓고 여성암발병율 1위인 갑상선암을 포함하는 소액암을 일반암진단비의 20% 이상을 보장 의무사망 장해관련특약을 낮게 구성할 수 있어 보험료의 효율이 높은 미해지환급형 납입기간 내 해지 시 해지환급금이 없는 대신 보험료가 저렴 상품으로 순수보장형 비갱신형으로 희망보험료 납입에 부담이 없으신 수준 내에서 최대한 효율적으로 준비를 하여 주셔야 하구요. 2대질병 뇌 및 심장 도 같이 준비하여 주시는 경우 뇌졸중 뇌경색+뇌출혈 급성심근경색증 뿐만이 아니라 뇌 및 심장관련하여 가장 넓은 범위를 보장하는 뇌혈관 허혈성심장잘환 진단비를 포함하는 상품으로 하여 주셔야 하겠습니다. 3대진단비를 같이 준비하시는 경우 위 조건을 모두 충족시키면서 보험료면에서 경쟁력이 높은 농협 MG를 비교하여 보시고 준비를 하시면 되시구요. 암진단비만 준비를 하시는 경우 흥국과도 비교하시는 것이 좋겠습니다. 컨설턴트명 선택하셔서 문의하시거나 하기의 연락처로 연락주시면 자세한 상담 받아 보실 수 있습니다. 박진우 컨설턴트 010 2010 2055,기존 배우자님의 가입된 보장이 어떻게 되시나요 암보험만 고려하신다면 30대여성분의 경우 농협 엠지손보를 비교 해드릴수 있습니다. 해지환급금이 없는 저해지 상품으로 준비하신다면 일반형 상품보다 보험료 경쟁력이 있게 보장을 준비하실수 있습니다. 암진단비와 더불어 뇌질환 심장질환의 부족함은 없으신지요 진단비 가입금액 만기설정 등에 따라 설계금액은 각기 다릅니다. 컨설턴트 선택후 쪽지나 유선으로 개별문의 하셔서 빠른 비교안내 받아보시기 바랍니다. 이수미 컨설턴트 010 8743 7139 ,안녕하세요 암에 대한 보장만 원하신다면 손해보험사 상품으로 준비하셔야 유방 자궁 등 여성암에 대해서도 다른 일반암과 동일한 보장을 받으실 수 있습니다 MG손보의 조건이 가장 좋구요 암을 포함하여 뇌 심장질환 진단비도 함께 원하시면 아래의 링크를 통해 회사별 특징을 살펴보시면 회사선택에 도움이 되실 겁니다 http www.ppomppu.co.kr zboard view.php id consulting&no 60833 현재 건강상황이나 과거 치료력에 따라 달라지겠지만 3대진단비를 가입하시실 때에는 MG나 농협손보를비교해보시고 준비하시면 되겠네요 보험료는 MG쪽이 좀 더 저렴하지만 뇌혈관 허혈성심장질환 진단비를 더 크게 준비하고 싶으시면 농협손보로 알아보시는게 좋죠 뇌혈관 허혈성 최대 2천만원 가입 가능 큰 부담없이 유지하실 수 있는 보험료나 원하시는 보장의 크기에 맞춰 설계 조율 후 진행하시면 됩니다 아래의 컨설턴트 명 클릭 후 상담요청 주시거나 연락처로 전화주시어 아내분께 가장 유리한 구성에 대한 객관적인 컨설팅을 받아보시기 바랍니다 좋은 하루 되세요 최상길 컨설턴트 010 7379 1774 ,가입자들의 암 청구건을 직간접적으로 겪어본 입장에서 나름의 기준을 세워보면 다음과 같습니다. 1. 암진단비가 중심이 되야 합니다. 암과 관련된 담보는 진단비 수술비 입원일당 재진단암 체증형 담보등 다양합니다. 약관상 대부분의 담보들이 암의 직접적인 치료에 국한해 보상하기 때문에 보험사와 계약자의 약관 해석에 따라 보험금 지급이 면책되는 경우도 종종 봤는데요 암진단비의 경우 조직검사 결과에 따라 암진단으로 확진받는다면 바로 보험금이 지급되기 때문에 논란의 여지가 가장 적습니다. 2. 좋은 암보험은 암진단비의 가성비가 좋은 상품입니다. 종양검사결과 암을 극초기에 발견한다면 경계성종양이나 제자리암으로 분류되는 경우가 있습니다. 이런 케이스는 보통 유사암 진단비가 지급되는데 간혹 병기와 상관없이 유방암이나 생식기암 대장점막암을 무조건 유사암으로 분류하는 상품도 있습니다. 이런 암 보험은 당연히 피하셔야 합니다. 또한 유사암 진단비도 상품마다 제각각인데요 최소한 암진단비의 20%가 지급되는 상품은 고르시는 것이 유리합니다. 만약 배우자분께서 병력이 있다면 메리츠화재의 알파플러스나 농협손보의 계속주는 암보험이 유리합니다. 직전 5년간 지병이 없다면 위 조건을 모두 충족하면서 보험료 가성비도 가장 우수한 농협손보의 가성비굿건강보험을 추천드립니다. 쪽지나 유선문의 남겨주시면 추천설계안과 자세한 설명 받아보실 수 있습니다. 오규원 컨설턴트 010 4691 2828
24,Insurance,74144,63년생 아버지 보험가입문의 드립니다 63년 4월생이시고 대기업생산직에서 근무하십니다 5년간 병력은 없으시고 보험구성은 실비 있으시고 3대보장은 각각 천만원보장인데 세세한 항목은 얼핏봐서 기억이 안납니다. 어찌되었든 보장이 약한거같아 추가 가입을 하려합니다 내용확인해주셔서 답글 남겨주세요~63년생 아버지 보험가입문의 드립니다 1 2 ,http://www.ppomppu.co.kr/zboard/zboard.php?id=consulting&page=3&category=1&divpage=11,http://www.ppomppu.co.kr/zboard/view.php?id=consulting&page=1&divpage=11&category=1&no=74144,아버님 보험나이 60세이하이면서 5년이내 별다른 아프신 이력이 없으시기 때문에 원하시는 보장금액만큼 구성 가능하오니 서둘러 준비하시는 게 좋습니다. 우선적으로 준비할 보험은 만약의 큰 질병시 가족에게 다가오는 생계비용 재활비용 간호비용등 목적으로 3대 암 뇌 심장질환 진단비 보장입니다. 암보장중 전립선 방광 대장점막내암이 소액암으로 분류되지 않고 혈관질환은 중증 뇌출혈이 아닌 뇌혈관 뇌경색 허혈성 진단비 보장이 되는 보험사 선택이 중요합니다. 생명보험사가 아닌 손해보험사로 비갱신형 20년납 환급금미지급형 보장기간 90세가 효율적이며 엠지와 농협이 경쟁력이 있습니다. 컨설턴트 이름 클릭하여 쪽지 상담신청이나 개별 연락을 통해 구체적인 비교안내 받아보시기 바랍니다. ,최근 출시된 환급금미지급형 상품을 통해 20%이상 할인된 보험료로 20년납 비갱신으로 진단비 보장을 가성비 좋게 준비하실수 있습니다. 기존보험 증권을 첨부하여 올려주시는것이 제일 정확합니다. 이후 과부족을 정리 보완하는 형태로 준비해 주셔야 손해를 최소하 하고 필요한 보장으로만 가입하실수 있습니다. 컨설턴트 상담을 통해 니즈와 납입여력에 기준한 추천설계안 비교안내 바당 보시기 바랍니다. 쪽지 또는 유선으로 빠른 상담 받아 보실수 있습니다. ,우선은 보유하신 보험의 보장내용에 대한 확인을 받아 보시는 것이 좋겠습니다. 보장분석이 선행되어야 부족하거나 과하지 않은 보완이 가능하거든요. 3대진단비 암 뇌 및 심장 를 보완하실 때에는 기타피부암 제자리암 경계성종양 갑상선암을 제외한 모든암을 일반암으로 보장하여 암보장의 범위가 가장 넓고 소액암을 일반암진단비의 20% 이상을 보장하고 뇌졸중 뇌경색+뇌출혈 급성심근경색증 뿐만이 아니라 뇌 및 심장관련하여 가장 넓은 범위를 보장하는 뇌혈관 허혈성심장질환진단비를 포함하며 의무사망 장해관련특약을 낮게 구성할 수 있어 보험료의 효율이 높은 미해지환급형 납입기간 내 해지 시 해지환급금이 없는 대신 보험료가 저렴 상품으로 순수보장형 비갱신형으로 희망보험료 납입에 부담이 없으신 수준 내에서 최대한 효율적으로 준비를 하여 주시는 것이 좋습니다. 아버님의 연세를 고려하면 위 조건을 최대한 충족시키고 보험료면에서 경쟁력이 높은 농협 MG 등을 비교하여 보시고 선택하시는 것이 좋겠네요. 컨설턴트명 선택하셔서 문의하시거나 하기의 연락처로 연락주시면 자세한 상담 받아 보실 수 있습니다. 박진우 컨설턴트 010 2010 2055,기존 아버님의 가입된 보장을 먼저 확인해주시는것이 좋습니다. 병원비 보장의 실손의료비는 가입되어 있으신가요 3대진단비의 경우 암진단비 뇌질환 심장질환 등으로 보장을 준 비하실수 있는데요 다행히도 5년내 병력사항이 없으시다면 보험사 선정에 있어서 유 리하며 적정 납입예산보험료 내에서 보장을 얼마든지 선택하여 가입하실수 있습니다. 컨설턴트 선택후 쪽지나 유선으로 개별문의 하셔서 아버님의 현 상황에 맞는 보장으로 빠른 비교 안내 받아보시기 바랍니다. 이수미 컨설턴트 010 8743 7139 ,실비도 있고 3대진단비도 있다면 위험관리는 어느 정도 이뤄진듯 싶습니다. 실비보험이 갱신형 구조기 때문에 지금 내고 계시는 보험료는 앞으로도 꾸준히 인상될 것이고 당장은 보험료가 부담스럽지 않더라도 수년후엔 자칫 지금 유지하는 보험도 유지하기 빠듯하실 수도 있습니다. 가족력이 있다면 그 부분만 좀 더 보강하시는게 좋을 것 같고 그렇지 않다면 유지에 전념하시거나 화재보험 정도만 가입해두시는게 어떨까 싶습니다. 기가입하신 내용에 대한 확인이 되야 정확한 안내가 가능합니다. 쪽지나 유선문의 남겨주시면 자세한 설명 받아보실 수 있습니다. 오규원 컨설턴트 010 4691 2828
25,Insurance,74143,"실손보험 문의 만51세 67년생 남자 사무직, 만46세 72년생 여자 무직 병력:없음 x 고혈압 당뇨 수술이력 없습니다 x 복용약없습니다 x 소멸식 실손보험 추천 부탁드립니다.실손보험 문의 1 2 ",http://www.ppomppu.co.kr/zboard/zboard.php?id=consulting&page=3&category=1&divpage=11,http://www.ppomppu.co.kr/zboard/view.php?id=consulting&page=1&divpage=11&category=1&no=74143,실손보험은 전 보험사 공통약관을 사용하여 보장내용이 동일하므로 보상청구 피드백이 좋은 중대형 손보사 현대 동부 메리츠등 통해 준비하실수 있습니다. 1년납 1년갱신 15년주기로 보장조건 변경되어 100세까지 유지하실수 있습니다. 정확한 생년월일과 하시는일에 따라 보험료가 달라지므로 컨설턴트 상담을 통해 구체적인 안내와 추천설계안 비교안내 받아 보시기 바랍니다. ,우리나라 의료실비는 단독으로 구성하여야 하며 모든보험사 통합되어 동일한 보장 1년 갱신형이므로 갱신률이 적고 보상청구 수월한 민영손해보험사 선택이 좋습니다. 컨설턴트 이름 클릭하여 쪽지 상담 신청이나 개별 연락을 통해 구체적인 비교안내 받아보실 수 있습니다. ,실손은 전 손해보험사 동일한 보장으로 가입이 가능합니다. 중대형 보험사중 보험금 지급이 원활한 보험사를 통해 준비 하시면 되세요 각 회원님의 생년월일 직업 5년내 병력사항 등의 기본사항 에 맞추어 상세 빠른 안내 받아보시기 바랍니다. 컨설턴트 선택후 문의 하시면 빠른 도움 받아보실수 있습 니다. 이수미 컨설턴트 010 8743 7139 ,실손의료비는 전사 동일한 보장 조건으로 준비 할수 있습니다. 약관이 동일하기 때문에 보장범위 면책 내용 가입 한도 상품 구조등 모두 동일합니다. 그렇기 때문에 보험금 청구시 지급이 빠른 중상위권 이상 회사 중 선택하는 것이 바람직합니다. 컨설턴트 선택 후 문의 주시면 보다 자세한 안내 받을수 있습니다. 손은하컨설턴트 010 8979 0814,회원님께서 고지해야될 병력사항이 없다고 판단하더라도 실제 보험 가입시 고지해야될 계약전 알릴의무 사항에 해당되는 부분이 있어 알려주셔야 하는 사항이 있을 수 있습니다. 5년이내 입원 수술 7일이상치료 30일이상약처방 1년이내 추가검사 재검사 3개월이내 병원진료 여기에 해당하는 사항이 모두 없으신건가요 하나라도 해당되는 사항이 있다면 원인 병명 치료내용 치료기간 현재상태등을 알려주시고 심사를 받아보셔야 합니다. 해당사항이 전혀 없다면 동부나 메리츠화재를 통해 1 2만원대 단독실비를 준비하실 수 있구요. 실비 다음으로 중요한 암 뇌 심장질환에 대한 진단비는 납입수준에 맞추어 농협손보의 가성비굿 건강보험이나 MG손보의 4대질병 진단보험 중 하나의 상품으로 안내받아보셔야 합니다. 마음에드는 저희 인증 컨설턴트를 통해 자세한 안내와 추천 설계안 받아보세요. 강신우 컨설턴트 010 2962 8727
26,Insurance,74142,상가 화재보험 들려고합니다.  노래방이구요 지하일층 52평입니다. 가게를 오래할 생각이 없어서 소모성으로 들려고하고 최대한 저렴한 비용으로 들려고합니다. 연락주세요.,http://www.ppomppu.co.kr/zboard/zboard.php?id=consulting&page=3&category=1&divpage=11,http://www.ppomppu.co.kr/zboard/view.php?id=consulting&page=1&divpage=11&category=1&no=74142,#NULL,#NULL,#NULL,#NULL,#NULL
27,Insurance,74141,실손의료보험 인상률  실비가입하려하는데 농협이인상률이 제일 낮은데 그럼 소비자입장에선 인상률낮은게 제일좋은게 아닌가요? 몇몇분께 실비말고도 보험설계를 받았는데 영 못믿겠네요. 저렴하게 그리고 가성비좋고 진실되게 설계받아보고싶네요 그외는 정중히 사양합니다 실비추천과 3대질병진단비(암뇌심장) 추천부탁합니다,http://www.ppomppu.co.kr/zboard/zboard.php?id=consulting&page=3&category=1&divpage=11,http://www.ppomppu.co.kr/zboard/view.php?id=consulting&page=1&divpage=11&category=1&no=74141, 의료실비의 갱신율 의료실비의 갱신율은 해당 보험사의 동일한 성별 연령 및 비슷한 직업군의 위험율 손해율 을 바탕으로 물가상승율이나 의료수가의 상승 등을 기준으로 결정되게 되기 때문에 산출 시 마다 다르게 산출이 됩니다. 현재 갱신율이 낮다고 해서 앞으로도 계속하여 낮다고 할 수 없고 반대로 현재 높다고 해서 앞으로도 계속하여 높다고 볼 수 있는거죠. 여기에 더하여 보장의 범위 본인부담금 갱신 주기 등은 전보험사가 동일하기 때문에 안정성면에서 좋은 평가를 받고 청구가 수월한 중상위권 보험사로 준비를 하여 주시면 무난하겠습니다. 3대진단비 암 뇌 및 심장 의료실비 다음으로 중요한 3대진단비를 준비하실 때에는 기타피부암 제자리암 경계성종양 갑상선암을 제외한 모든암을 일반암으로 보장하여 암보장의 범위가 가장 넓고 위 4가지 소액암을 일반암진단비의 20% 이상을 보장하고 뇌졸중 뇌경색+뇌출혈 급성심근경색증 뿐만이 아니라 뇌 및 심장관련하여 가장 넓은 범위를 보장하는 뇌혈관 허혈성심장질환진단비를 포함하며 의무사망 장해관련특약을 낮게 구성할 수 있어 보험료의 효율이 높은 미해지환급형 납입기간 내 해지 시 해지환급금이 없는 대신 보험료가 저렴 상품으로 순수보장형 비갱신형으로 희망보험료 납입에 부담이 없으신 수준 내에서 최대한 효율적으로 준비를 하여 주시면 되시구요. 보험나이 30세까지는 DB 메리츠의 어린이 보험상품이 31세 이상인 경우에는 농협 MG 등이 위의 조건을 모두 충족시키면서 보험료면에서 경쟁력이 있으므로 이들 상품을 최대한 효율적으로 구성한 후 비교하여 보시고 선택하시면 되겠습니다. 컨설턴트명 선택하셔서 문의하시거나 하기의 연락처로 연락주시면 자세한 상담 받아 보실 수 있습니다. 박진우 컨설턴트 010 2010 2055,실손보험은 전 보험사 공통약관을 사용하여 보장내용이 동일하므로 보상청구 피드백이 좋은 중대형 손보사 현대 동부 메리츠등 통해 준비하실수 있습니다. 1년납 1년갱신 15년주기로 보장조건 변경되어 100세까지 유지하실수 있는데요. 실비는 매년 연령증가 물가반영 손해율등을 반영하여 갱신률을 새롭게 산출합니다. 때문에 어느 한 보험사의 인상률이 계속 낮을거라고 누구도 예상할 수 없습니다. 실비 다음으로 고액의 병원비와 장기치료로 경제적 어려움을 줄 수 있는 3대진단비 암 뇌 심장 를 손해보험사 통해 20년납 비갱신 순수보장형으로 준비해 주시면 되는데요. 암은 생식기암과 대장점막내암이 일반암에 속하고 유사암을 일반암의 20%이상 보상해 주는지를 체크해 주셔야 합니다. 뇌 심장 진단비는 뇌출혈 뇌졸중 급성심근경색보다 보장범위 넓은 뇌혈관 허혈성 진단비로 가입하셔야 보장확률을 높일수 있습니다. 생년월일 하시는일 최근 5년이내 병원치료력에 따라 추천플랜이 상이하므로 컨설턴트 선택하여 쪽지 또는 유선으로 개별문의 주시어 니즈와 납입여력에 기준한 추천설계안 비교안내 받아 보시기 바랍니다. , 실비보험 실비보험 인상률은 매년 동일한 것이 아니며 현재 인상률은 예시표이기 때문에 계속해서 농협손해보험이 낮을 수만은 없습니다. 때문에 보험사는 크게 고려사항이 아니시며 지급여력과 민원률 등을 고려하여서 선택 하시는 것이 좋습니다. 오히려 보험료는 농협보다는 동부화재 보험이 더 낮습니다. 3대질환 진단금 진단금 보험은 회원님의 나이와 직업에 따라서 유리한 보험사가 달라지게 됩니다. 30세 이하이실 경우에는 DB손해보험 30세이상이실 경우에는 농협 MG손해보험이 유리하시며 비갱신 미해지 환급형 상품을 선택하시면 동일보장대비 보험료를 20 30% 저렴하게 가입이 가능하십니다. 또한 소소한 수술비 보장 보다는 진단금에 비중을 높게 두시고 보장기간은 80 90세 정도가 적정합니다. 설계를 위해서는 회원님의 생년월일 직업 병력사항 보험료 납입여력 가족력 등과같은 여러가지 사항을 고려해야 합니다. 그래에 회원님의 상황에 맞는 보험상품과 설계를 드릴 수 있습니다. 컨설턴트를 선택하여서 쪽지나 유선연락을 주시면 빠른 상담 받아보실 수 있습니다. 맹창호 컨설턴트 010 8286 5800,1. 실비보험 인상률은 어디까지나 통계자료에 불과합니다. 2003년도에 삼성화재 실비보험이 가장 저렴했었고 2010년도엔 메리츠화재 였으나 지금은 그렇지 않습니다. 앞으로도 보험료 인상폭은 장담할 수 없는 부분입니다. 인상률과 상관없이 농협손보를 추천드리는 보험료 외적인 부분에서 강점이 있기 때문인데요 카드납이 가능하고 은행창구를 통해 보험금 청구접수가 가능하기 때문입니다. 2. 3대진단비는 실비와는 달리 보험사의 개성이 진하게 묻어나오는 상품입니다. 보험료는 엇비슷하더라도 보장범위는 모두 제각각인데요 현재 판매되는 상품중 가장 좋은 조건을 찝어 열거하면 다음과 같습니다. 비갱신 해지환급금 미지급형 유사암 발병시 암진단비 가입금액의 20% 지급 유사암으로 분류되는 케이스가 갑상선암을 비롯해 4종 혈관질환 방면으론 뇌혈관질환진단비 허혈성심질환 진단비 지급 현재 이 조건으로 가입이 가능한 보험사는 농협 동부 메리츠 등을 꼽을 수 있습니다. 연령대 성별에 따라 추천보험사가 조금씩 갈릴 수 있습니다. 쪽지나 유선문의 남겨주시면 자세한 설명 받아보실 수 있습니다. 오규원 컨설턴트 010 4691 2828,실손의료비는 다른 보험사들도 좋은데요 농협도 좋습니다 그런데 진단비는 보험사별로 조건이 다르고 보험료가 다르기 때문에 꼭 비교를 해보셔야 합니다 농협이 좋을수 있구요 그외 다른 보험사가 더 좋을수 있습니다 당연히 비갱신형으로 설계를 하기 때문에 갱신율을 보실 필요는 없으실테구요 암은 일반암을 기준으로 보시면 되시고 보험사별로 유사암의 크기가 다르기 때문에 비교해보시면 되시구요 단일질병으로 가장 발병율이 높은 혈관질환인 뇌질환과 심장질환중 가장 보장범위가 넓은 뇌혈관과 허혈성심장질환의 크기를 확인하셔야 하구요 마지막으로 이를 구성하기 위한 의무가입 상해사망 질병사망등 의 크기와 보험료까지 보셔야 합니다 이렇게 했을때 가장 경쟁력이 있는 상품으로 선택하시면 되세요 컨설턴트에게 상담문의를 하셔서 회원님이 원하시는 보장에 대한 효율적인 추천설계안과 정확한 안내를 받아보시길 바랍니다 강치환 컨설턴트 010 8640 3646
28,Insurance,74140,실손보험 문의드려요  현재 만49세 남자 사무직 병력:없음 x 고혈압 당뇨 수술이력 없습니다 x 복용약없습니다 x 실손보험 매달 나가는금액입니다 적립식은 아니고 소멸입니다 보험료가 매달 현재보다 저렴하고  더좋은 실손보험 있다면 추천부탁드립니다  현재 까지 보험들고 진료비 및 약값 5만원내외 받아본게 전부 입니다 ,http://www.ppomppu.co.kr/zboard/zboard.php?id=consulting&page=3&category=1&divpage=11,http://www.ppomppu.co.kr/zboard/view.php?id=consulting&page=1&divpage=11&category=1&no=74140,보유하신 의료실비는 본인부담금에 대한 조건이 좋고 이 좋은 조건을 만기까지 유지할 수 있는 장점이 있는 의료실비입니다. 보장이 상대적으로 좋지 못한 현재의 의료실비가 보험료 면에서는 더 저렴하게 구성이 될 수 있지만 보장면에서는 비교의 대상이 되지 못하기 때문에 이 보험은 반드시 유지를 하여 주시는 것이 좋겠습니다. 박진우 컨설턴트 010 2010 2055,지금 가입을 하셔도 보험료는 큰 차이가 없으시며 현재 실비보험보다유리한 상품이시니 잘 유지하시기 바랍니다. 다른보험이 없으시다면 암 뇌 심장질환 진단금은 보완을 해주시는 것이 좋습니다. 컨설턴트를 선택하여서 쪽지나 유선연락을 주시면 빠른 상담 받아보실 수 있습니다. 맹창호 컨설턴트 010 8286 5800,가입하신 보험은 단독실비보험으로 지금보다 보장내용이 더 좋은 조건으로 가입하셨습니다. 그냥 유지를 하셔야 하는 보험입니다. 컨설턴트명 클릭 후 양식에 맞게 쪽지 보내 주시거나 핸드폰으로 연락 주셔서 구체적인 상담 및 설계 받아보시기 바랍니다. 정재환 컨설턴트 010 4202 8239 ,#NULL,#NULL
29,Insurance,74139,(유지/해지 고민) 삼성생명 생활자금 받는 변액보험 이거 괜찮나요...?  안녕하세요? 저는 24살  여대생입니다.   저는 현재 농협 다솜플러스 보험을 1년째 유지중이구요 최근에 어머니가 제 의사는 묻지 않으시고 삼성생명 생활자금 받는 변액유니버설종신1.0無_표준 이 보험을 가입시키셨어요... 지인 추천으로요     월 13만 5천원 정도 나가고 있고  현재 5개월 정도 70~80만원 나간 상황이예요     근데 제 계좌로 나가서  저는 학생이라 아직 일정한 수입도 없는데  너무 부담돼서 해지하고 싶거든요 ㅠㅠ......     근데 5개월동안 낸게 아까워서   그리고 나중엔 생활자금 나오는 것 같은데  노후 생각하면 유지할지.. 해지할지 정말 정말 고민입니다.     어떻게 하는게 좋을까요....?  꼭 도움 좀 부탁드리겠습니다.  미리 감사드립니다. ^^ ,http://www.ppomppu.co.kr/zboard/zboard.php?id=consulting&page=3&category=1&divpage=11,http://www.ppomppu.co.kr/zboard/view.php?id=consulting&page=1&divpage=11&category=1&no=74139,#NULL,#NULL,#NULL,#NULL,#NULL
